Rank,Name,Tm,League,Year,Vote.Pts,X1st.Place,Share,WAR,G,AB,R,H,HR,RBI,SB,BB,BA,OBP,SLG,OPS,W,L,ERA,WHIP,G.1,GS,SV,IP,H.1,HR.1,BB.1,SO
1,Mickey Mantle,NYY,AL,1956,336,24,100%,11.2,150,533,132,188,52,130,10,112,0.353,0.464,0.705,1.169,NA,NA,NA,NA,NA,NA,NA,NA,NA,NA,NA,NA
2,Yogi Berra,NYY,AL,1956,186,0,55%,6.2,140,521,93,155,30,105,3,65,0.298,0.378,0.534,0.911,NA,NA,NA,NA,NA,NA,NA,NA,NA,NA,NA,NA
3,Al Kaline,DET,AL,1956,142,0,42%,6.5,153,617,96,194,27,128,7,70,0.314,0.383,0.53,0.913,NA,NA,NA,NA,NA,NA,NA,NA,NA,NA,NA,NA
4,Harvey Kuenn,DET,AL,1956,80,0,24%,4.6,146,591,96,196,12,88,9,55,0.332,0.387,0.47,0.857,NA,NA,NA,NA,NA,NA,NA,NA,NA,NA,NA,NA
5,Billy Pierce,CHW,AL,1956,75,0,22%,4.6,39,102,6,16,0,3,0,3,0.157,0.189,0.157,0.346,20,9,3.32,1.306,35,33,1,276.1,261,24,100,192
6,Ted Williams,BOS,AL,1956,70,0,21%,6.1,136,400,71,138,24,82,0,102,0.345,0.479,0.605,1.084,NA,NA,NA,NA,NA,NA,NA,NA,NA,NA,NA,NA
7,Gil McDougald,NYY,AL,1956,55,0,16%,5.1,120,438,79,136,13,56,3,68,0.311,0.405,0.443,0.848,NA,NA,NA,NA,NA,NA,NA,NA,NA,NA,NA,NA
7,Bob Nieman,TOT,AL,1956,55,0,16%,4.2,128,428,63,137,14,68,1,90,0.32,0.436,0.495,0.931,NA,NA,NA,NA,NA,NA,NA,NA,NA,NA,NA,NA
9,Vic Wertz,CLE,AL,1956,45,0,13%,2.2,136,481,65,127,32,106,0,75,0.264,0.364,0.509,0.874,NA,NA,NA,NA,NA,NA,NA,NA,NA,NA,NA,NA
1,Mickey Mantle,NYY,AL,1957,233,6,69%,11.3,144,474,121,173,34,94,16,146,0.365,0.512,0.665,1.177,NA,NA,NA,NA,NA,NA,NA,NA,NA,NA,NA,NA
2,Ted Williams,BOS,AL,1957,209,5,62%,9.7,132,420,96,163,38,87,0,119,0.388,0.526,0.731,1.257,NA,NA,NA,NA,NA,NA,NA,NA,NA,NA,NA,NA
3,Roy Sievers,WSH,AL,1957,205,4,61%,4.6,152,572,99,172,42,114,1,76,0.301,0.388,0.579,0.967,NA,NA,NA,NA,NA,NA,NA,NA,NA,NA,NA,NA
4,Nellie Fox,CHW,AL,1957,193,5,57%,7.9,155,619,110,196,6,61,5,75,0.317,0.403,0.415,0.818,NA,NA,NA,NA,NA,NA,NA,NA,NA,NA,NA,NA
5,Gil McDougald,NYY,AL,1957,165,4,49%,5.8,141,539,87,156,13,62,2,59,0.289,0.362,0.442,0.804,NA,NA,NA,NA,NA,NA,NA,NA,NA,NA,NA,NA
6,Vic Wertz,CLE,AL,1957,61,0,18%,2.6,144,515,84,145,28,105,2,78,0.282,0.371,0.485,0.857,NA,NA,NA,NA,NA,NA,NA,NA,NA,NA,NA,NA
7,Frank Malzone,BOS,AL,1957,58,0,17%,3.5,153,634,82,185,15,103,2,31,0.292,0.323,0.427,0.751,NA,NA,NA,NA,NA,NA,NA,NA,NA,NA,NA,NA
8,Minnie Miñoso,CHW,AL,1957,55,0,16%,5.4,153,568,96,176,12,103,18,79,0.31,0.408,0.454,0.862,NA,NA,NA,NA,NA,NA,NA,NA,NA,NA,NA,NA
9,Jim Bunning,DET,AL,1957,46,0,14%,7,45,94,10,20,1,4,0,5,0.213,0.253,0.287,0.54,20,8,2.69,1.07,45,30,1,267.1,214,33,72,182
1,Jackie Jensen,BOS,AL,1958,233,9,69%,4.9,154,548,83,157,35,122,9,99,0.286,0.396,0.535,0.931,NA,NA,NA,NA,NA,NA,NA,NA,NA,NA,NA,NA
2,Bob Turley,NYY,AL,1958,191,7,57%,3.5,33,88,8,12,2,6,0,4,0.136,0.174,0.205,0.378,21,7,2.97,1.247,33,31,1,245.1,178,24,128,168
3,Rocky Colavito,CLE,AL,1958,181,4,54%,6,143,489,80,148,41,113,0,84,0.303,0.405,0.62,1.024,0,0,0,1,1,0,0,3,0,0,3,1
4,Bob Cerv,KCA,AL,1958,164,3,49%,6.4,141,515,93,157,38,104,3,50,0.305,0.371,0.592,0.963,NA,NA,NA,NA,NA,NA,NA,NA,NA,NA,NA,NA
5,Mickey Mantle,NYY,AL,1958,127,0,38%,8.7,150,519,127,158,42,97,18,129,0.304,0.443,0.592,1.035,NA,NA,NA,NA,NA,NA,NA,NA,NA,NA,NA,NA
6,Roy Sievers,WSH,AL,1958,95,0,28%,3.6,148,550,85,162,39,108,3,53,0.295,0.357,0.544,0.9,NA,NA,NA,NA,NA,NA,NA,NA,NA,NA,NA,NA
7,Ted Williams,BOS,AL,1958,89,0,26%,4,129,411,81,135,26,85,1,98,0.328,0.458,0.584,1.042,NA,NA,NA,NA,NA,NA,NA,NA,NA,NA,NA,NA
8,Nellie Fox,CHW,AL,1958,88,1,26%,3.9,155,623,82,187,0,49,5,47,0.3,0.357,0.353,0.71,NA,NA,NA,NA,NA,NA,NA,NA,NA,NA,NA,NA
9,Sherm Lollar,CHW,AL,1958,57,0,17%,3.7,127,421,53,115,20,84,2,57,0.273,0.367,0.454,0.821,NA,NA,NA,NA,NA,NA,NA,NA,NA,NA,NA,NA
1,Nellie Fox,CHW,AL,1959,295,16,88%,6.1,156,624,84,191,2,70,5,71,0.306,0.38,0.389,0.77,NA,NA,NA,NA,NA,NA,NA,NA,NA,NA,NA,NA
2,Luis Aparicio,CHW,AL,1959,255,8,76%,3.3,152,612,98,157,6,51,56,53,0.257,0.316,0.332,0.647,NA,NA,NA,NA,NA,NA,NA,NA,NA,NA,NA,NA
3,Early Wynn,CHW,AL,1959,123,0,37%,3.9,37,90,11,22,2,8,0,9,0.244,0.317,0.389,0.706,22,10,3.17,1.256,37,37,0,255.2,202,20,119,179
4,Rocky Colavito,CLE,AL,1959,117,0,35%,5.4,154,588,90,151,42,111,3,71,0.257,0.337,0.512,0.849,NA,NA,NA,NA,NA,NA,NA,NA,NA,NA,NA,NA
5,Tito Francona,CLE,AL,1959,102,0,30%,4.8,122,399,68,145,20,79,2,35,0.363,0.414,0.566,0.98,NA,NA,NA,NA,NA,NA,NA,NA,NA,NA,NA,NA
6,Al Kaline,DET,AL,1959,84,0,25%,5.9,136,511,85,167,27,94,10,72,0.327,0.41,0.53,0.94,NA,NA,NA,NA,NA,NA,NA,NA,NA,NA,NA,NA
7,Jim Landis,CHW,AL,1959,66,0,20%,5.7,149,515,78,140,5,60,20,78,0.272,0.37,0.379,0.749,NA,NA,NA,NA,NA,NA,NA,NA,NA,NA,NA,NA
8,Harvey Kuenn,DET,AL,1959,64,0,19%,4.3,139,561,99,198,9,71,7,48,0.353,0.402,0.501,0.903,NA,NA,NA,NA,NA,NA,NA,NA,NA,NA,NA,NA
9,Sherm Lollar,CHW,AL,1959,44,0,13%,3.4,140,505,63,134,22,84,4,55,0.265,0.345,0.451,0.796,NA,NA,NA,NA,NA,NA,NA,NA,NA,NA,NA,NA
1,Roger Maris,NYY,AL,1960,225,8,67%,7.5,136,499,98,141,39,112,2,70,0.283,0.371,0.581,0.952,NA,NA,NA,NA,NA,NA,NA,NA,NA,NA,NA,NA
2,Mickey Mantle,NYY,AL,1960,222,10,66%,6.4,153,527,119,145,40,94,14,111,0.275,0.399,0.558,0.957,NA,NA,NA,NA,NA,NA,NA,NA,NA,NA,NA,NA
3,Brooks Robinson,BAL,AL,1960,211,3,63%,4.1,152,595,74,175,14,88,2,35,0.294,0.329,0.44,0.769,NA,NA,NA,NA,NA,NA,NA,NA,NA,NA,NA,NA
4,Minnie Miñoso,CHW,AL,1960,141,2,42%,2.8,154,591,89,184,20,105,17,52,0.311,0.374,0.481,0.855,NA,NA,NA,NA,NA,NA,NA,NA,NA,NA,NA,NA
5,Ron Hansen,BAL,AL,1960,110,1,33%,3.9,153,530,72,135,22,86,3,69,0.255,0.342,0.44,0.781,NA,NA,NA,NA,NA,NA,NA,NA,NA,NA,NA,NA
6,Al Smith,CHW,AL,1960,73,0,22%,1.9,142,536,80,169,12,72,8,50,0.315,0.374,0.451,0.826,NA,NA,NA,NA,NA,NA,NA,NA,NA,NA,NA,NA
7,Roy Sievers,CHW,AL,1960,58,0,17%,3.6,127,444,87,131,28,93,1,74,0.295,0.396,0.534,0.93,NA,NA,NA,NA,NA,NA,NA,NA,NA,NA,NA,NA
8,Earl Battey,WSH,AL,1960,57,0,17%,3.2,137,466,49,126,15,60,4,48,0.27,0.346,0.427,0.773,NA,NA,NA,NA,NA,NA,NA,NA,NA,NA,NA,NA
9,Bill Skowron,NYY,AL,1960,56,0,17%,4.6,146,538,63,166,26,91,2,38,0.309,0.353,0.528,0.881,NA,NA,NA,NA,NA,NA,NA,NA,NA,NA,NA,NA
1,Roger Maris,NYY,AL,1961,202,7,72%,6.9,161,590,132,159,61,141,0,94,0.269,0.372,0.62,0.993,NA,NA,NA,NA,NA,NA,NA,NA,NA,NA,NA,NA
2,Mickey Mantle,NYY,AL,1961,198,6,71%,10.4,153,514,131,163,54,128,12,126,0.317,0.448,0.687,1.135,NA,NA,NA,NA,NA,NA,NA,NA,NA,NA,NA,NA
3,Jim Gentile,BAL,AL,1961,157,5,56%,6.9,148,486,96,147,46,141,1,96,0.302,0.423,0.646,1.069,NA,NA,NA,NA,NA,NA,NA,NA,NA,NA,NA,NA
4,Norm Cash,DET,AL,1961,151,1,54%,9.2,159,535,119,193,41,132,11,124,0.361,0.487,0.662,1.148,NA,NA,NA,NA,NA,NA,NA,NA,NA,NA,NA,NA
5,Whitey Ford,NYY,AL,1961,102,0,36%,4.1,39,96,11,17,0,10,0,12,0.177,0.266,0.188,0.454,25,4,3.21,1.18,39,39,0,283,242,23,92,209
6,Luis Arroyo,NYY,AL,1961,95,1,34%,3.4,65,25,2,7,0,0,0,0,0.28,0.28,0.36,0.64,15,5,2.19,1.109,65,0,29,119,83,5,49,87
7,Frank Lary,DET,AL,1961,53,0,19%,4.8,42,108,13,25,1,5,0,3,0.231,0.259,0.278,0.537,23,9,3.24,1.155,36,36,0,275.1,252,24,66,146
8,Rocky Colavito,DET,AL,1961,51,0,18%,7.6,163,583,129,169,45,140,1,113,0.29,0.402,0.58,0.982,NA,NA,NA,NA,NA,NA,NA,NA,NA,NA,NA,NA
9,Al Kaline,DET,AL,1961,35,0,13%,8.4,153,586,116,190,19,82,14,66,0.324,0.393,0.515,0.909,NA,NA,NA,NA,NA,NA,NA,NA,NA,NA,NA,NA
1,Mickey Mantle,NYY,AL,1962,234,13,84%,6,123,377,96,121,30,89,9,122,0.321,0.486,0.605,1.091,NA,NA,NA,NA,NA,NA,NA,NA,NA,NA,NA,NA
2,Bobby Richardson,NYY,AL,1962,152,5,54%,3.2,161,692,99,209,8,59,11,37,0.302,0.337,0.406,0.743,NA,NA,NA,NA,NA,NA,NA,NA,NA,NA,NA,NA
3,Harmon Killebrew,MIN,AL,1962,99,1,35%,2.8,155,552,85,134,48,126,1,106,0.243,0.366,0.545,0.912,NA,NA,NA,NA,NA,NA,NA,NA,NA,NA,NA,NA
4,Leon Wagner,LAA,AL,1962,85,0,30%,2,160,612,96,164,37,107,7,50,0.268,0.326,0.5,0.826,NA,NA,NA,NA,NA,NA,NA,NA,NA,NA,NA,NA
5,Dick Donovan,CLE,AL,1962,64,0,23%,3.9,34,89,8,16,4,9,0,7,0.18,0.255,0.326,0.581,20,10,3.59,1.205,34,34,0,250.2,255,23,47,94
6,Al Kaline,DET,AL,1962,58,0,21%,4.4,100,398,78,121,29,94,4,47,0.304,0.376,0.593,0.969,NA,NA,NA,NA,NA,NA,NA,NA,NA,NA,NA,NA
7,Norm Siebern,KCA,AL,1962,53,0,19%,5.5,162,600,114,185,25,117,3,110,0.308,0.412,0.495,0.907,NA,NA,NA,NA,NA,NA,NA,NA,NA,NA,NA,NA
8,Rich Rollins,MIN,AL,1962,47,0,17%,3.9,159,624,96,186,16,96,3,75,0.298,0.374,0.428,0.802,NA,NA,NA,NA,NA,NA,NA,NA,NA,NA,NA,NA
9,Brooks Robinson,BAL,AL,1962,41,0,15%,6.1,162,634,77,192,23,86,3,42,0.303,0.342,0.486,0.828,NA,NA,NA,NA,NA,NA,NA,NA,NA,NA,NA,NA
1,Elston Howard,NYY,AL,1963,248,15,89%,5.2,135,487,75,140,28,85,0,35,0.287,0.342,0.528,0.869,NA,NA,NA,NA,NA,NA,NA,NA,NA,NA,NA,NA
2,Al Kaline,DET,AL,1963,148,1,53%,5.4,145,551,89,172,27,101,6,54,0.312,0.375,0.514,0.889,NA,NA,NA,NA,NA,NA,NA,NA,NA,NA,NA,NA
3,Whitey Ford,NYY,AL,1963,125,3,45%,4.4,38,92,5,13,1,4,2,6,0.141,0.194,0.196,0.39,24,7,2.74,1.099,38,37,1,269.1,240,26,56,189
4,Harmon Killebrew,MIN,AL,1963,85,0,30%,4.2,142,515,88,133,45,96,0,72,0.258,0.349,0.555,0.904,NA,NA,NA,NA,NA,NA,NA,NA,NA,NA,NA,NA
5,Dick Radatz,BOS,AL,1963,84,0,30%,5.5,66,29,0,2,0,0,0,1,0.069,0.1,0.103,0.203,15,6,1.97,1.096,66,0,23,132.1,94,9,51,162
6,Carl Yastrzemski,BOS,AL,1963,81,0,29%,6.6,151,570,91,183,14,68,8,95,0.321,0.418,0.475,0.894,NA,NA,NA,NA,NA,NA,NA,NA,NA,NA,NA,NA
7,Earl Battey,MIN,AL,1963,57,0,20%,4.2,147,508,64,145,26,84,0,61,0.285,0.369,0.476,0.845,NA,NA,NA,NA,NA,NA,NA,NA,NA,NA,NA,NA
8,Gary Peters,CHW,AL,1963,55,0,20%,7,50,81,12,21,3,12,0,3,0.259,0.287,0.444,0.732,19,8,2.33,1.07,41,30,1,243,192,9,68,189
9,Pete Ward,CHW,AL,1963,52,0,19%,4.1,157,600,80,177,22,84,7,52,0.295,0.353,0.482,0.835,NA,NA,NA,NA,NA,NA,NA,NA,NA,NA,NA,NA
1,Brooks Robinson,BAL,AL,1964,269,18,96%,8.1,163,612,82,194,28,118,1,51,0.317,0.368,0.521,0.889,NA,NA,NA,NA,NA,NA,NA,NA,NA,NA,NA,NA
2,Mickey Mantle,NYY,AL,1964,171,2,61%,4.8,143,465,92,141,35,111,6,99,0.303,0.423,0.591,1.015,NA,NA,NA,NA,NA,NA,NA,NA,NA,NA,NA,NA
3,Elston Howard,NYY,AL,1964,124,0,44%,5.5,150,550,63,172,15,84,1,48,0.313,0.371,0.455,0.825,NA,NA,NA,NA,NA,NA,NA,NA,NA,NA,NA,NA
4,Tony Oliva,MIN,AL,1964,99,0,35%,6.8,161,672,109,217,32,94,12,34,0.323,0.359,0.557,0.916,NA,NA,NA,NA,NA,NA,NA,NA,NA,NA,NA,NA
5,Dean Chance,LAA,AL,1964,97,0,35%,8.7,46,89,3,7,0,0,0,3,0.079,0.109,0.079,0.187,20,9,1.65,1.006,46,35,4,278.1,194,7,86,207
6,Pete Ward,CHW,AL,1964,67,0,24%,6.3,144,539,61,152,23,94,1,56,0.282,0.348,0.473,0.821,NA,NA,NA,NA,NA,NA,NA,NA,NA,NA,NA,NA
7,Bill Freehan,DET,AL,1964,44,0,16%,5.3,144,520,69,156,18,80,5,36,0.3,0.35,0.462,0.812,NA,NA,NA,NA,NA,NA,NA,NA,NA,NA,NA,NA
7,Gary Peters,CHW,AL,1964,44,0,16%,5,54,120,9,25,4,19,0,2,0.208,0.228,0.367,0.594,20,8,2.5,1.173,37,36,0,273.2,217,20,104,205
9,Dick Radatz,BOS,AL,1964,37,0,13%,6,79,37,2,6,0,4,0,0,0.162,0.184,0.189,0.373,16,9,2.29,1.025,79,0,29,157,103,13,58,181
1,Zoilo Versalles,MIN,AL,1965,275,19,98%,7.2,160,666,126,182,19,77,27,41,0.273,0.319,0.462,0.781,NA,NA,NA,NA,NA,NA,NA,NA,NA,NA,NA,NA
2,Tony Oliva,MIN,AL,1965,174,1,62%,5.4,149,576,107,185,16,98,19,55,0.321,0.378,0.491,0.87,NA,NA,NA,NA,NA,NA,NA,NA,NA,NA,NA,NA
3,Brooks Robinson,BAL,AL,1965,150,0,54%,4.5,144,559,81,166,18,80,3,47,0.297,0.351,0.445,0.797,NA,NA,NA,NA,NA,NA,NA,NA,NA,NA,NA,NA
4,Eddie Fisher,CHW,AL,1965,122,0,44%,2.2,82,29,3,4,0,1,0,1,0.138,0.167,0.172,0.339,15,7,2.4,0.974,82,0,24,165.1,118,13,43,90
5,Rocky Colavito,CLE,AL,1965,89,0,32%,3.3,162,592,92,170,26,108,1,93,0.287,0.383,0.468,0.851,NA,NA,NA,NA,NA,NA,NA,NA,NA,NA,NA,NA
6,Mudcat Grant,MIN,AL,1965,74,0,26%,2.6,50,97,13,15,0,8,0,7,0.155,0.212,0.227,0.438,21,7,3.3,1.158,41,39,0,270.1,252,34,61,142
7,Stu Miller,BAL,AL,1965,45,0,16%,4.1,67,16,1,1,0,2,0,1,0.063,0.118,0.125,0.243,14,7,1.89,0.997,67,0,24,119.1,87,5,32,104
8,Willie Horton,DET,AL,1965,24,0,9%,3,143,512,69,140,29,104,5,48,0.273,0.34,0.49,0.831,NA,NA,NA,NA,NA,NA,NA,NA,NA,NA,NA,NA
9,Tom Tresh,NYY,AL,1965,23,0,8%,3.8,156,602,94,168,26,74,5,59,0.279,0.348,0.477,0.825,NA,NA,NA,NA,NA,NA,NA,NA,NA,NA,NA,NA
1,Frank Robinson,BAL,AL,1966,280,20,100%,7.7,155,576,122,182,49,122,8,87,0.316,0.41,0.637,1.047,NA,NA,NA,NA,NA,NA,NA,NA,NA,NA,NA,NA
2,Brooks Robinson,BAL,AL,1966,153,0,55%,4.6,157,620,91,167,23,100,2,56,0.269,0.333,0.444,0.776,NA,NA,NA,NA,NA,NA,NA,NA,NA,NA,NA,NA
3,Boog Powell,BAL,AL,1966,122,0,44%,4.1,140,491,78,141,34,109,0,67,0.287,0.372,0.532,0.903,NA,NA,NA,NA,NA,NA,NA,NA,NA,NA,NA,NA
4,Harmon Killebrew,MIN,AL,1966,96,0,34%,5.9,162,569,89,160,39,110,0,103,0.281,0.391,0.538,0.929,NA,NA,NA,NA,NA,NA,NA,NA,NA,NA,NA,NA
5,Jim Kaat,MIN,AL,1966,84,0,30%,5,47,118,12,23,2,13,0,5,0.195,0.228,0.28,0.507,25,13,2.75,1.07,41,41,0,304.2,271,29,55,205
6,Tony Oliva,MIN,AL,1966,71,0,25%,6.4,159,622,99,191,25,87,13,42,0.307,0.353,0.502,0.854,NA,NA,NA,NA,NA,NA,NA,NA,NA,NA,NA,NA
7,Al Kaline,DET,AL,1966,66,0,24%,5.6,142,479,85,138,29,88,5,81,0.288,0.392,0.534,0.927,NA,NA,NA,NA,NA,NA,NA,NA,NA,NA,NA,NA
8,Tommie Agee,CHW,AL,1966,63,0,23%,6.4,160,629,98,172,22,86,44,41,0.273,0.326,0.447,0.773,NA,NA,NA,NA,NA,NA,NA,NA,NA,NA,NA,NA
9,Luis Aparicio,BAL,AL,1966,51,0,18%,4.2,151,659,97,182,6,41,25,33,0.276,0.311,0.366,0.676,NA,NA,NA,NA,NA,NA,NA,NA,NA,NA,NA,NA
1,Carl Yastrzemski,BOS,AL,1967,275,19,98%,12.5,161,579,112,189,44,121,10,91,0.326,0.418,0.622,1.04,NA,NA,NA,NA,NA,NA,NA,NA,NA,NA,NA,NA
2,Harmon Killebrew,MIN,AL,1967,161,0,58%,6.5,163,547,105,147,44,113,1,131,0.269,0.408,0.558,0.965,NA,NA,NA,NA,NA,NA,NA,NA,NA,NA,NA,NA
3,Bill Freehan,DET,AL,1967,137,0,49%,6.1,155,517,66,146,20,74,1,73,0.282,0.389,0.447,0.835,NA,NA,NA,NA,NA,NA,NA,NA,NA,NA,NA,NA
4,Joe Horlen,CHW,AL,1967,91,0,33%,5.6,51,83,8,14,0,5,0,1,0.169,0.186,0.181,0.367,19,7,2.06,0.953,35,35,0,258,188,13,58,103
5,Al Kaline,DET,AL,1967,88,0,31%,7.5,131,458,94,141,25,78,8,83,0.308,0.411,0.541,0.952,NA,NA,NA,NA,NA,NA,NA,NA,NA,NA,NA,NA
6,Jim Lonborg,BOS,AL,1967,82,0,29%,3.9,39,99,7,14,0,8,1,4,0.141,0.175,0.172,0.346,22,9,3.16,1.138,39,39,0,273.1,228,23,83,246
7,Jim Fregosi,CAL,AL,1967,70,0,25%,5.4,151,590,75,171,9,56,9,49,0.29,0.349,0.395,0.744,NA,NA,NA,NA,NA,NA,NA,NA,NA,NA,NA,NA
7,César Tovar,MIN,AL,1967,70,1,25%,2.4,164,649,98,173,6,47,19,46,0.267,0.325,0.365,0.691,NA,NA,NA,NA,NA,NA,NA,NA,NA,NA,NA,NA
9,Gary Peters,CHW,AL,1967,37,0,13%,4.5,48,99,10,21,2,13,0,2,0.212,0.243,0.313,0.556,16,11,2.28,1.069,38,36,0,260,187,15,91,215
1,Denny McLain,DET,AL,1968,280,20,100%,7.4,44,111,7,18,0,4,0,1,0.162,0.17,0.189,0.359,31,6,1.96,0.905,41,41,0,336,241,31,63,280
2,Bill Freehan,DET,AL,1968,161,0,58%,6.9,155,540,73,142,25,84,0,65,0.263,0.366,0.454,0.819,NA,NA,NA,NA,NA,NA,NA,NA,NA,NA,NA,NA
3,Ken Harrelson,BOS,AL,1968,103,0,37%,5.1,150,535,79,147,35,109,2,69,0.275,0.356,0.518,0.874,NA,NA,NA,NA,NA,NA,NA,NA,NA,NA,NA,NA
4,Willie Horton,DET,AL,1968,102,0,36%,5.4,143,512,68,146,36,85,0,49,0.285,0.352,0.543,0.895,NA,NA,NA,NA,NA,NA,NA,NA,NA,NA,NA,NA
5,Dave McNally,BAL,AL,1968,78,0,28%,6.6,35,86,10,11,3,10,0,9,0.128,0.208,0.244,0.453,22,10,1.95,0.842,35,35,0,273,175,24,55,202
5,Luis Tiant,CLE,AL,1968,78,0,28%,7.9,34,87,4,7,0,3,0,0,0.08,0.08,0.092,0.172,21,9,1.6,0.871,34,32,0,258.1,152,16,73,264
7,Dick McAuliffe,DET,AL,1968,71,0,25%,5.6,151,570,95,142,16,56,8,82,0.249,0.344,0.411,0.755,NA,NA,NA,NA,NA,NA,NA,NA,NA,NA,NA,NA
8,Frank Howard,WSA,AL,1968,63,0,23%,4.6,158,598,79,164,44,106,0,54,0.274,0.338,0.552,0.89,NA,NA,NA,NA,NA,NA,NA,NA,NA,NA,NA,NA
9,Carl Yastrzemski,BOS,AL,1968,50,0,18%,10.5,157,539,90,162,23,74,13,119,0.301,0.426,0.495,0.922,NA,NA,NA,NA,NA,NA,NA,NA,NA,NA,NA,NA
1,Harmon Killebrew,MIN,AL,1969,294,16,88%,6.1,162,555,106,153,49,140,8,145,0.276,0.427,0.584,1.011,NA,NA,NA,NA,NA,NA,NA,NA,NA,NA,NA,NA
2,Boog Powell,BAL,AL,1969,227,6,68%,5.8,152,533,83,162,37,121,1,72,0.304,0.383,0.559,0.942,NA,NA,NA,NA,NA,NA,NA,NA,NA,NA,NA,NA
3,Frank Robinson,BAL,AL,1969,162,2,48%,7.5,148,539,111,166,32,100,9,88,0.308,0.415,0.54,0.955,NA,NA,NA,NA,NA,NA,NA,NA,NA,NA,NA,NA
4,Frank Howard,WSA,AL,1969,115,0,34%,5.7,161,592,111,175,48,111,1,102,0.296,0.402,0.574,0.976,NA,NA,NA,NA,NA,NA,NA,NA,NA,NA,NA,NA
5,Reggie Jackson,OAK,AL,1969,110,0,33%,9.2,152,549,123,151,47,118,13,114,0.275,0.41,0.608,1.018,NA,NA,NA,NA,NA,NA,NA,NA,NA,NA,NA,NA
6,Denny McLain,DET,AL,1969,85,0,25%,7.8,42,106,5,17,0,8,0,4,0.16,0.188,0.16,0.348,24,9,2.8,1.092,42,41,0,325,288,25,67,181
7,Rico Petrocelli,BOS,AL,1969,71,0,21%,10,154,535,92,159,40,97,3,98,0.297,0.403,0.589,0.992,NA,NA,NA,NA,NA,NA,NA,NA,NA,NA,NA,NA
8,Mike Cuellar,BAL,AL,1969,55,0,16%,3.9,39,103,6,12,0,5,0,0,0.117,0.114,0.165,0.279,23,11,2.38,1.005,39,39,0,290.2,213,18,79,182
9,Jim Perry,MIN,AL,1969,40,0,12%,6.5,47,93,8,16,0,7,0,3,0.172,0.204,0.226,0.43,20,6,2.82,1.185,46,36,0,261.2,244,18,66,153
1,Boog Powell,BAL,AL,1970,234,11,70%,5.1,154,526,82,156,35,114,1,104,0.297,0.412,0.549,0.962,NA,NA,NA,NA,NA,NA,NA,NA,NA,NA,NA,NA
2,Tony Oliva,MIN,AL,1970,157,5,47%,7,157,628,96,204,23,107,5,38,0.325,0.364,0.514,0.878,NA,NA,NA,NA,NA,NA,NA,NA,NA,NA,NA,NA
3,Harmon Killebrew,MIN,AL,1970,152,1,45%,4.9,157,527,96,143,41,113,0,128,0.271,0.411,0.546,0.957,NA,NA,NA,NA,NA,NA,NA,NA,NA,NA,NA,NA
4,Carl Yastrzemski,BOS,AL,1970,136,2,40%,9.5,161,566,125,186,40,102,23,128,0.329,0.452,0.592,1.044,NA,NA,NA,NA,NA,NA,NA,NA,NA,NA,NA,NA
5,Frank Howard,WSA,AL,1970,91,1,27%,4.6,161,566,90,160,44,126,1,132,0.283,0.416,0.546,0.962,NA,NA,NA,NA,NA,NA,NA,NA,NA,NA,NA,NA
6,Tommy Harper,MIL,AL,1970,78,1,23%,7.4,154,604,104,179,31,82,38,77,0.296,0.377,0.522,0.899,NA,NA,NA,NA,NA,NA,NA,NA,NA,NA,NA,NA
7,Brooks Robinson,BAL,AL,1970,75,2,22%,3.9,158,608,84,168,18,94,1,53,0.276,0.335,0.429,0.764,NA,NA,NA,NA,NA,NA,NA,NA,NA,NA,NA,NA
8,Alex Johnson,CAL,AL,1970,70,0,21%,3.7,156,614,85,202,14,86,17,35,0.329,0.37,0.459,0.83,NA,NA,NA,NA,NA,NA,NA,NA,NA,NA,NA,NA
9,Jim Perry,MIN,AL,1970,63,0,19%,4.5,41,97,9,24,1,6,0,1,0.247,0.253,0.32,0.572,24,12,3.04,1.13,40,40,0,278.2,258,20,57,168
1,Vida Blue,OAK,AL,1971,268,14,80%,8.5,39,102,6,12,0,2,0,4,0.118,0.167,0.127,0.294,24,8,1.82,0.952,39,39,0,312,209,19,88,301
2,Sal Bando,OAK,AL,1971,182,4,54%,6.4,153,538,75,146,24,94,3,86,0.271,0.377,0.452,0.828,NA,NA,NA,NA,NA,NA,NA,NA,NA,NA,NA,NA
3,Frank Robinson,BAL,AL,1971,170,2,51%,3.3,133,455,82,128,28,99,3,72,0.281,0.384,0.51,0.894,NA,NA,NA,NA,NA,NA,NA,NA,NA,NA,NA,NA
4,Brooks Robinson,BAL,AL,1971,163,3,49%,6,156,589,67,160,20,92,0,63,0.272,0.341,0.413,0.754,NA,NA,NA,NA,NA,NA,NA,NA,NA,NA,NA,NA
5,Mickey Lolich,DET,AL,1971,155,1,46%,8.6,45,115,9,15,0,7,0,16,0.13,0.242,0.148,0.39,25,14,2.92,1.138,45,45,0,376,336,36,92,308
6,Freddie Patek,KCR,AL,1971,77,0,23%,4.1,147,591,86,158,6,36,49,44,0.267,0.323,0.371,0.693,NA,NA,NA,NA,NA,NA,NA,NA,NA,NA,NA,NA
7,Bobby Murcer,NYY,AL,1971,72,0,21%,6.5,146,529,94,175,25,94,14,91,0.331,0.427,0.543,0.969,NA,NA,NA,NA,NA,NA,NA,NA,NA,NA,NA,NA
8,Amos Otis,KCR,AL,1971,67,0,20%,5.3,147,555,80,167,15,79,52,40,0.301,0.345,0.443,0.789,NA,NA,NA,NA,NA,NA,NA,NA,NA,NA,NA,NA
9,Wilbur Wood,CHW,AL,1971,54,0,16%,11,44,96,1,5,0,0,1,11,0.052,0.15,0.052,0.202,22,13,1.91,1,44,42,1,334,272,21,62,210
1,Dick Allen,CHW,AL,1972,321,21,96%,8.6,148,506,90,156,37,113,19,99,0.308,0.42,0.603,1.023,NA,NA,NA,NA,NA,NA,NA,NA,NA,NA,NA,NA
2,Joe Rudi,OAK,AL,1972,164,1,49%,6.1,147,593,94,181,19,75,3,37,0.305,0.345,0.486,0.83,NA,NA,NA,NA,NA,NA,NA,NA,NA,NA,NA,NA
3,Sparky Lyle,NYY,AL,1972,158,1,47%,3.7,59,21,2,4,0,1,0,1,0.19,0.227,0.238,0.465,9,5,1.92,1.05,59,0,35,107.2,84,3,29,75
4,Carlton Fisk,BOS,AL,1972,96,0,29%,7.3,131,457,74,134,22,61,5,52,0.293,0.37,0.538,0.909,NA,NA,NA,NA,NA,NA,NA,NA,NA,NA,NA,NA
5,Bobby Murcer,NYY,AL,1972,89,0,26%,8.2,153,585,102,171,33,96,11,63,0.292,0.361,0.537,0.898,NA,NA,NA,NA,NA,NA,NA,NA,NA,NA,NA,NA
6,Gaylord Perry,CLE,AL,1972,88,0,26%,11,41,110,5,17,1,9,0,5,0.155,0.197,0.2,0.397,24,16,1.92,0.978,41,40,1,342.2,253,17,82,234
7,Wilbur Wood,CHW,AL,1972,78,0,23%,10.3,49,125,8,17,0,7,0,6,0.136,0.176,0.136,0.312,24,17,2.51,1.059,49,49,0,376.2,325,28,74,193
8,Luis Tiant,BOS,AL,1972,70,0,21%,6.2,43,56,3,6,0,4,0,2,0.107,0.138,0.125,0.263,15,6,1.91,1.078,43,19,3,179,128,7,65,123
9,Ed Brinkman,DET,AL,1972,62,0,18%,0.7,156,516,42,105,6,49,0,38,0.203,0.259,0.279,0.538,NA,NA,NA,NA,NA,NA,NA,NA,NA,NA,NA,NA
1,Reggie Jackson,OAK,AL,1973,336,24,100%,7.8,151,539,99,158,32,117,22,76,0.293,0.383,0.531,0.914,NA,NA,NA,NA,NA,NA,NA,NA,NA,NA,NA,NA
2,Jim Palmer,BAL,AL,1973,172,0,51%,6.3,0,0,0,0,0,0,0,0,NA,NA,NA,NA,22,9,2.4,1.141,38,37,1,296.1,225,16,113,158
3,Amos Otis,KCR,AL,1973,112,0,33%,4,148,583,89,175,26,93,13,63,0.3,0.368,0.484,0.851,NA,NA,NA,NA,NA,NA,NA,NA,NA,NA,NA,NA
4,Sal Bando,OAK,AL,1973,83,0,25%,6.5,162,592,97,170,29,98,4,82,0.287,0.375,0.498,0.873,NA,NA,NA,NA,NA,NA,NA,NA,NA,NA,NA,NA
4,Rod Carew,MIN,AL,1973,83,0,25%,7,149,580,98,203,6,62,41,62,0.35,0.411,0.471,0.881,NA,NA,NA,NA,NA,NA,NA,NA,NA,NA,NA,NA
4,John Hiller,DET,AL,1973,83,0,25%,7.9,0,0,0,0,0,0,0,0,NA,NA,NA,NA,10,5,1.44,1.021,65,0,38,125.1,89,7,39,124
7,John Mayberry,KCR,AL,1973,76,0,23%,5.2,152,510,87,142,26,100,3,122,0.278,0.417,0.478,0.895,NA,NA,NA,NA,NA,NA,NA,NA,NA,NA,NA,NA
8,Dave May,MIL,AL,1973,65,0,19%,4.7,156,624,96,189,25,93,6,44,0.303,0.352,0.473,0.824,NA,NA,NA,NA,NA,NA,NA,NA,NA,NA,NA,NA
9,Bobby Murcer,NYY,AL,1973,53,0,16%,5.1,160,616,83,187,22,95,6,50,0.304,0.357,0.464,0.821,NA,NA,NA,NA,NA,NA,NA,NA,NA,NA,NA,NA
1,Jeff Burroughs,TEX,AL,1974,248,10,74%,3.6,152,554,84,167,25,118,2,91,0.301,0.397,0.504,0.901,NA,NA,NA,NA,NA,NA,NA,NA,NA,NA,NA,NA
2,Joe Rudi,OAK,AL,1974,161,5,48%,4.7,158,593,73,174,22,99,2,34,0.293,0.334,0.484,0.818,NA,NA,NA,NA,NA,NA,NA,NA,NA,NA,NA,NA
3,Sal Bando,OAK,AL,1974,143,3,43%,4.9,146,498,84,121,22,103,2,86,0.243,0.352,0.426,0.778,NA,NA,NA,NA,NA,NA,NA,NA,NA,NA,NA,NA
4,Reggie Jackson,OAK,AL,1974,119,1,35%,5.7,148,506,90,146,29,93,25,86,0.289,0.391,0.514,0.905,NA,NA,NA,NA,NA,NA,NA,NA,NA,NA,NA,NA
5,Fergie Jenkins,TEX,AL,1974,118,3,35%,7.8,1,2,1,1,0,0,0,0,0.5,0.5,0.5,1,25,12,2.82,1.008,41,41,0,328.1,286,27,45,225
6,Catfish Hunter,OAK,AL,1974,107,1,32%,6.9,2,0,0,0,0,0,0,0,NA,NA,NA,NA,25,12,2.49,0.986,41,41,0,318.1,268,25,46,143
7,Rod Carew,MIN,AL,1974,70,0,21%,7.5,153,599,86,218,3,55,38,74,0.364,0.433,0.446,0.879,NA,NA,NA,NA,NA,NA,NA,NA,NA,NA,NA,NA
8,Elliott Maddox,NYY,AL,1974,59,0,18%,5.4,137,466,75,141,3,45,6,69,0.303,0.395,0.386,0.781,NA,NA,NA,NA,NA,NA,NA,NA,NA,NA,NA,NA
9,Bobby Grich,BAL,AL,1974,49,0,15%,7.3,160,582,92,153,19,82,17,90,0.263,0.376,0.431,0.807,NA,NA,NA,NA,NA,NA,NA,NA,NA,NA,NA,NA
1,Fred Lynn,BOS,AL,1975,326,22,97%,7.4,145,528,103,175,21,105,10,62,0.331,0.401,0.566,0.967,NA,NA,NA,NA,NA,NA,NA,NA,NA,NA,NA,NA
2,John Mayberry,KCR,AL,1975,157,0,47%,7.2,156,554,95,161,34,106,5,119,0.291,0.416,0.547,0.963,NA,NA,NA,NA,NA,NA,NA,NA,NA,NA,NA,NA
3,Jim Rice,BOS,AL,1975,154,0,46%,3,144,564,92,174,22,102,10,36,0.309,0.35,0.491,0.841,NA,NA,NA,NA,NA,NA,NA,NA,NA,NA,NA,NA
4,Rollie Fingers,OAK,AL,1975,129,2,38%,2.2,2,1,0,0,0,0,0,0,0,0,0,0,10,6,2.98,1.011,75,0,24,126.2,95,13,33,115
5,Reggie Jackson,OAK,AL,1975,118,0,35%,6.7,157,593,91,150,36,104,17,67,0.253,0.329,0.511,0.84,NA,NA,NA,NA,NA,NA,NA,NA,NA,NA,NA,NA
6,Jim Palmer,BAL,AL,1975,82,0,24%,8.4,0,0,0,0,0,0,0,0,NA,NA,NA,NA,23,11,2.09,1.031,39,38,1,323,253,20,80,193
7,Thurman Munson,NYY,AL,1975,69,0,21%,6.6,157,597,83,190,12,102,3,45,0.318,0.366,0.429,0.795,NA,NA,NA,NA,NA,NA,NA,NA,NA,NA,NA,NA
8,George Scott,MIL,AL,1975,64,0,19%,3.2,158,617,86,176,36,109,6,51,0.285,0.341,0.515,0.857,NA,NA,NA,NA,NA,NA,NA,NA,NA,NA,NA,NA
9,Rod Carew,MIN,AL,1975,54,0,16%,7.8,143,535,89,192,14,80,35,64,0.359,0.421,0.497,0.919,NA,NA,NA,NA,NA,NA,NA,NA,NA,NA,NA,NA
1,Thurman Munson,NYY,AL,1976,304,18,90%,5.3,152,616,79,186,17,105,14,29,0.302,0.337,0.432,0.769,NA,NA,NA,NA,NA,NA,NA,NA,NA,NA,NA,NA
2,George Brett,KCR,AL,1976,217,2,65%,7.5,159,645,94,215,7,67,21,49,0.333,0.377,0.462,0.839,NA,NA,NA,NA,NA,NA,NA,NA,NA,NA,NA,NA
3,Mickey Rivers,NYY,AL,1976,179,1,53%,6.4,137,590,95,184,8,67,43,13,0.312,0.327,0.432,0.76,NA,NA,NA,NA,NA,NA,NA,NA,NA,NA,NA,NA
4,Hal McRae,KCR,AL,1976,99,0,29%,4.7,149,527,75,175,8,73,22,64,0.332,0.407,0.461,0.868,NA,NA,NA,NA,NA,NA,NA,NA,NA,NA,NA,NA
5,Rod Carew,MIN,AL,1976,71,1,21%,6.8,156,605,97,200,9,90,49,67,0.331,0.395,0.463,0.858,NA,NA,NA,NA,NA,NA,NA,NA,NA,NA,NA,NA
5,Chris Chambliss,NYY,AL,1976,71,0,21%,4.1,156,641,79,188,17,96,1,27,0.293,0.323,0.441,0.765,NA,NA,NA,NA,NA,NA,NA,NA,NA,NA,NA,NA
7,Amos Otis,KCR,AL,1976,58,1,17%,3.2,153,592,93,165,18,86,26,55,0.279,0.341,0.444,0.785,NA,NA,NA,NA,NA,NA,NA,NA,NA,NA,NA,NA
8,Bill Campbell,MIN,AL,1976,56,0,17%,1.9,3,0,0,0,0,0,0,0,NA,NA,NA,NA,17,5,3.01,1.235,78,0,20,167.2,145,9,62,115
9,Lee May,BAL,AL,1976,51,0,15%,2.7,148,530,61,137,25,109,4,41,0.258,0.312,0.447,0.759,NA,NA,NA,NA,NA,NA,NA,NA,NA,NA,NA,NA
1,Rod Carew,MIN,AL,1977,273,12,70%,9.7,155,616,128,239,14,100,23,69,0.388,0.449,0.57,1.019,NA,NA,NA,NA,NA,NA,NA,NA,NA,NA,NA,NA
2,Al Cowens,KCR,AL,1977,217,4,55%,5.3,162,606,98,189,23,112,16,41,0.312,0.361,0.525,0.885,NA,NA,NA,NA,NA,NA,NA,NA,NA,NA,NA,NA
3,Ken Singleton,BAL,AL,1977,200,3,51%,5.7,152,536,90,176,24,99,0,107,0.328,0.438,0.507,0.945,NA,NA,NA,NA,NA,NA,NA,NA,NA,NA,NA,NA
4,Jim Rice,BOS,AL,1977,163,1,42%,5.2,160,644,104,206,39,114,5,53,0.32,0.376,0.593,0.969,NA,NA,NA,NA,NA,NA,NA,NA,NA,NA,NA,NA
5,Graig Nettles,NYY,AL,1977,112,2,29%,5.5,158,589,99,150,37,107,2,68,0.255,0.333,0.496,0.829,NA,NA,NA,NA,NA,NA,NA,NA,NA,NA,NA,NA
6,Sparky Lyle,NYY,AL,1977,79,1,20%,3.7,1,0,0,0,0,0,0,0,NA,NA,NA,NA,13,5,2.17,1.197,72,0,26,137,131,7,33,68
7,Thurman Munson,NYY,AL,1977,70,1,18%,4.9,149,595,85,183,18,100,5,39,0.308,0.351,0.462,0.813,NA,NA,NA,NA,NA,NA,NA,NA,NA,NA,NA,NA
8,Carlton Fisk,BOS,AL,1977,67,1,17%,7,152,536,106,169,26,102,7,75,0.315,0.402,0.521,0.922,NA,NA,NA,NA,NA,NA,NA,NA,NA,NA,NA,NA
8,Reggie Jackson,NYY,AL,1977,67,1,17%,4.5,146,525,93,150,32,110,17,74,0.286,0.375,0.55,0.925,NA,NA,NA,NA,NA,NA,NA,NA,NA,NA,NA,NA
1,Jim Rice,BOS,AL,1978,352,20,90%,7.6,163,677,121,213,46,139,7,58,0.315,0.37,0.6,0.97,NA,NA,NA,NA,NA,NA,NA,NA,NA,NA,NA,NA
2,Ron Guidry,NYY,AL,1978,291,8,74%,9.6,2,0,1,0,0,0,0,0,NA,NA,NA,NA,25,3,1.74,0.946,35,35,0,273.2,187,13,72,248
3,Larry Hisle,MIL,AL,1978,201,0,51%,5.3,142,520,96,151,34,115,10,67,0.29,0.374,0.533,0.906,NA,NA,NA,NA,NA,NA,NA,NA,NA,NA,NA,NA
4,Amos Otis,KCR,AL,1978,90,0,23%,7.4,141,486,74,145,22,96,32,66,0.298,0.38,0.525,0.905,NA,NA,NA,NA,NA,NA,NA,NA,NA,NA,NA,NA
5,Rusty Staub,DET,AL,1978,88,0,22%,1.5,162,642,75,175,24,121,3,76,0.273,0.347,0.435,0.782,NA,NA,NA,NA,NA,NA,NA,NA,NA,NA,NA,NA
6,Graig Nettles,NYY,AL,1978,86,0,22%,5.7,159,587,81,162,27,93,1,59,0.276,0.343,0.46,0.803,NA,NA,NA,NA,NA,NA,NA,NA,NA,NA,NA,NA
7,Don Baylor,CAL,AL,1978,51,0,13%,1.6,158,591,103,151,34,99,22,56,0.255,0.332,0.472,0.804,NA,NA,NA,NA,NA,NA,NA,NA,NA,NA,NA,NA
8,Eddie Murray,BAL,AL,1978,50,0,13%,4.3,161,610,85,174,27,95,6,70,0.285,0.356,0.48,0.836,NA,NA,NA,NA,NA,NA,NA,NA,NA,NA,NA,NA
9,Carlton Fisk,BOS,AL,1978,49,0,13%,5.9,157,571,94,162,20,88,7,71,0.284,0.366,0.475,0.841,NA,NA,NA,NA,NA,NA,NA,NA,NA,NA,NA,NA
1,Don Baylor,CAL,AL,1979,347,20,89%,3.7,162,628,120,186,36,139,22,71,0.296,0.371,0.53,0.901,NA,NA,NA,NA,NA,NA,NA,NA,NA,NA,NA,NA
2,Ken Singleton,BAL,AL,1979,241,3,61%,5.3,159,570,93,168,35,111,3,109,0.295,0.405,0.533,0.938,NA,NA,NA,NA,NA,NA,NA,NA,NA,NA,NA,NA
3,George Brett,KCR,AL,1979,226,2,58%,8.6,154,645,119,212,23,107,17,51,0.329,0.376,0.563,0.939,NA,NA,NA,NA,NA,NA,NA,NA,NA,NA,NA,NA
4,Fred Lynn,BOS,AL,1979,160,0,41%,8.9,147,531,116,177,39,122,2,82,0.333,0.423,0.637,1.059,NA,NA,NA,NA,NA,NA,NA,NA,NA,NA,NA,NA
5,Jim Rice,BOS,AL,1979,124,0,32%,6.4,158,619,117,201,39,130,9,57,0.325,0.381,0.596,0.977,NA,NA,NA,NA,NA,NA,NA,NA,NA,NA,NA,NA
6,Mike Flanagan,BAL,AL,1979,100,3,26%,3.8,0,0,0,0,0,0,0,0,NA,NA,NA,NA,23,9,3.08,1.186,39,38,0,265.2,245,23,70,190
7,Gorman Thomas,MIL,AL,1979,87,0,22%,4.8,156,557,97,136,45,123,1,98,0.244,0.356,0.539,0.895,NA,NA,NA,NA,NA,NA,NA,NA,NA,NA,NA,NA
8,Bobby Grich,CAL,AL,1979,58,0,15%,6,153,534,78,157,30,101,1,59,0.294,0.365,0.537,0.903,NA,NA,NA,NA,NA,NA,NA,NA,NA,NA,NA,NA
9,Darrell Porter,KCR,AL,1979,52,0,13%,7.6,157,533,101,155,20,112,3,121,0.291,0.421,0.484,0.905,NA,NA,NA,NA,NA,NA,NA,NA,NA,NA,NA,NA
1,George Brett,KCR,AL,1980,335,17,85%,9.4,117,449,87,175,24,118,15,58,0.39,0.454,0.664,1.118,NA,NA,NA,NA,NA,NA,NA,NA,NA,NA,NA,NA
2,Reggie Jackson,NYY,AL,1980,234,5,60%,4.8,143,514,94,154,41,111,1,83,0.3,0.398,0.597,0.995,NA,NA,NA,NA,NA,NA,NA,NA,NA,NA,NA,NA
3,Rich Gossage,NYY,AL,1980,218,4,56%,3.4,2,0,0,0,0,0,0,0,NA,NA,NA,NA,6,2,2.27,1.121,64,0,33,99,74,5,37,103
4,Willie Wilson,KCR,AL,1980,169,1,43%,8.5,161,705,133,230,3,49,79,28,0.326,0.357,0.421,0.778,NA,NA,NA,NA,NA,NA,NA,NA,NA,NA,NA,NA
5,Cecil Cooper,MIL,AL,1980,160,0,41%,6.8,153,622,96,219,25,122,17,39,0.352,0.387,0.539,0.926,NA,NA,NA,NA,NA,NA,NA,NA,NA,NA,NA,NA
6,Eddie Murray,BAL,AL,1980,106,0,27%,4.5,158,621,100,186,32,116,7,54,0.3,0.354,0.519,0.873,NA,NA,NA,NA,NA,NA,NA,NA,NA,NA,NA,NA
7,Rick Cerone,NYY,AL,1980,77,1,20%,4.2,147,519,70,144,14,85,1,32,0.277,0.321,0.432,0.753,NA,NA,NA,NA,NA,NA,NA,NA,NA,NA,NA,NA
8,Dan Quisenberry,KCR,AL,1980,70,0,18%,2.4,0,0,0,0,0,0,0,0,NA,NA,NA,NA,12,7,3.09,1.216,75,0,33,128.1,129,5,27,37
9,Steve Stone,BAL,AL,1980,53,0,14%,3.9,12,0,0,0,0,0,0,0,NA,NA,NA,NA,25,7,3.23,1.297,37,37,0,250.2,224,22,101,149
1,Rollie Fingers,MIL,AL,1981,319,15,81%,4.2,1,0,0,0,0,0,0,0,NA,NA,NA,NA,6,3,1.04,0.872,47,0,28,78,55,3,13,61
2,Rickey Henderson,OAK,AL,1981,308,12,79%,6.7,108,423,89,135,6,35,56,64,0.319,0.408,0.437,0.845,NA,NA,NA,NA,NA,NA,NA,NA,NA,NA,NA,NA
3,Dwight Evans,BOS,AL,1981,140,0,36%,6.7,108,412,84,122,22,71,3,85,0.296,0.415,0.522,0.937,NA,NA,NA,NA,NA,NA,NA,NA,NA,NA,NA,NA
4,Tony Armas,OAK,AL,1981,139,1,35%,4.2,109,440,51,115,22,76,5,19,0.261,0.294,0.48,0.774,NA,NA,NA,NA,NA,NA,NA,NA,NA,NA,NA,NA
5,Eddie Murray,BAL,AL,1981,137,0,35%,3.8,99,378,57,111,22,78,2,40,0.294,0.36,0.534,0.895,NA,NA,NA,NA,NA,NA,NA,NA,NA,NA,NA,NA
6,Carney Lansford,BOS,AL,1981,109,0,28%,3.7,102,399,61,134,4,52,15,34,0.336,0.389,0.439,0.828,NA,NA,NA,NA,NA,NA,NA,NA,NA,NA,NA,NA
7,Dave Winfield,NYY,AL,1981,98,0,25%,2.5,105,388,52,114,13,68,11,43,0.294,0.36,0.464,0.824,NA,NA,NA,NA,NA,NA,NA,NA,NA,NA,NA,NA
8,Cecil Cooper,MIL,AL,1981,96,0,24%,4.2,106,416,70,133,12,60,5,28,0.32,0.363,0.495,0.858,NA,NA,NA,NA,NA,NA,NA,NA,NA,NA,NA,NA
9,Rich Gossage,NYY,AL,1981,62,0,16%,2.3,0,0,0,0,0,0,0,0,NA,NA,NA,NA,3,2,0.77,0.771,32,0,20,46.2,22,2,14,48
1,Robin Yount,MIL,AL,1982,385,27,98%,10.6,156,635,129,210,29,114,14,54,0.331,0.379,0.578,0.957,NA,NA,NA,NA,NA,NA,NA,NA,NA,NA,NA,NA
2,Eddie Murray,BAL,AL,1982,228,0,58%,5.2,151,550,87,174,32,110,7,70,0.316,0.391,0.549,0.94,NA,NA,NA,NA,NA,NA,NA,NA,NA,NA,NA,NA
3,Doug DeCinces,CAL,AL,1982,178,0,45%,7.6,153,575,94,173,30,97,7,66,0.301,0.369,0.548,0.916,NA,NA,NA,NA,NA,NA,NA,NA,NA,NA,NA,NA
4,Hal McRae,KCR,AL,1982,175,0,45%,4.1,159,613,91,189,27,133,4,55,0.308,0.369,0.542,0.91,NA,NA,NA,NA,NA,NA,NA,NA,NA,NA,NA,NA
5,Cecil Cooper,MIL,AL,1982,152,0,39%,5.7,155,654,104,205,32,121,2,32,0.313,0.342,0.528,0.87,NA,NA,NA,NA,NA,NA,NA,NA,NA,NA,NA,NA
6,Reggie Jackson,CAL,AL,1982,107,1,27%,3.1,153,530,92,146,39,101,4,85,0.275,0.375,0.532,0.907,NA,NA,NA,NA,NA,NA,NA,NA,NA,NA,NA,NA
7,Dwight Evans,BOS,AL,1982,57,0,15%,6.5,162,609,122,178,32,98,3,112,0.292,0.402,0.534,0.936,NA,NA,NA,NA,NA,NA,NA,NA,NA,NA,NA,NA
8,Gorman Thomas,MIL,AL,1982,44,0,11%,5,158,567,96,139,39,112,3,84,0.245,0.343,0.506,0.85,NA,NA,NA,NA,NA,NA,NA,NA,NA,NA,NA,NA
9,Dan Quisenberry,KCR,AL,1982,39,0,10%,3.3,0,0,0,0,0,0,0,0,NA,NA,NA,NA,9,7,2.57,1.01,72,0,35,136.2,126,12,12,46
1,Cal Ripken Jr.,BAL,AL,1983,322,15,82%,8.2,162,663,121,211,27,102,0,58,0.318,0.371,0.517,0.888,NA,NA,NA,NA,NA,NA,NA,NA,NA,NA,NA,NA
2,Eddie Murray,BAL,AL,1983,290,10,74%,6.7,156,582,115,178,33,111,5,86,0.306,0.393,0.538,0.93,NA,NA,NA,NA,NA,NA,NA,NA,NA,NA,NA,NA
3,Carlton Fisk,CHW,AL,1983,209,3,53%,4.3,138,488,85,141,26,86,9,46,0.289,0.355,0.518,0.874,NA,NA,NA,NA,NA,NA,NA,NA,NA,NA,NA,NA
4,Jim Rice,BOS,AL,1983,150,0,38%,5.7,155,626,90,191,39,126,0,52,0.305,0.361,0.55,0.911,NA,NA,NA,NA,NA,NA,NA,NA,NA,NA,NA,NA
5,Cecil Cooper,MIL,AL,1983,123,0,31%,4,160,661,106,203,30,126,2,37,0.307,0.341,0.508,0.849,NA,NA,NA,NA,NA,NA,NA,NA,NA,NA,NA,NA
6,Dan Quisenberry,KCR,AL,1983,107,0,27%,5.5,0,0,0,0,0,0,0,0,NA,NA,NA,NA,5,3,1.94,0.928,69,0,45,139,118,6,11,48
7,Dave Winfield,NYY,AL,1983,85,0,22%,2.5,152,598,99,169,32,116,15,58,0.283,0.345,0.513,0.858,NA,NA,NA,NA,NA,NA,NA,NA,NA,NA,NA,NA
8,Lou Whitaker,DET,AL,1983,84,0,21%,6.7,161,643,94,206,12,72,17,67,0.32,0.38,0.457,0.837,NA,NA,NA,NA,NA,NA,NA,NA,NA,NA,NA,NA
9,Lance Parrish,DET,AL,1983,66,0,17%,4.7,155,605,80,163,27,114,1,44,0.269,0.314,0.483,0.796,NA,NA,NA,NA,NA,NA,NA,NA,NA,NA,NA,NA
1,Willie Hernández,DET,AL,1984,306,16,78%,4.8,2,0,0,0,0,0,0,0,NA,NA,NA,NA,9,3,1.92,0.941,80,0,32,140.1,96,6,36,112
2,Kent Hrbek,MIN,AL,1984,247,5,63%,5.6,149,559,80,174,27,107,1,65,0.311,0.383,0.522,0.906,NA,NA,NA,NA,NA,NA,NA,NA,NA,NA,NA,NA
3,Dan Quisenberry,KCR,AL,1984,235,5,60%,3.3,0,0,0,0,0,0,0,0,NA,NA,NA,NA,6,3,2.64,1.028,72,0,44,129.1,121,10,12,41
4,Eddie Murray,BAL,AL,1984,197,2,50%,7.1,162,588,97,180,29,110,10,107,0.306,0.41,0.509,0.918,NA,NA,NA,NA,NA,NA,NA,NA,NA,NA,NA,NA
5,Don Mattingly,NYY,AL,1984,113,0,29%,6.3,153,603,91,207,23,110,1,41,0.343,0.381,0.537,0.918,NA,NA,NA,NA,NA,NA,NA,NA,NA,NA,NA,NA
6,Kirk Gibson,DET,AL,1984,96,0,24%,5.1,149,531,92,150,27,91,29,63,0.282,0.363,0.516,0.879,NA,NA,NA,NA,NA,NA,NA,NA,NA,NA,NA,NA
7,Tony Armas,BOS,AL,1984,87,0,22%,2.6,157,639,107,171,43,123,1,32,0.268,0.3,0.531,0.831,NA,NA,NA,NA,NA,NA,NA,NA,NA,NA,NA,NA
8,Dave Winfield,NYY,AL,1984,83,0,21%,5.3,141,567,106,193,19,100,6,53,0.34,0.393,0.515,0.908,NA,NA,NA,NA,NA,NA,NA,NA,NA,NA,NA,NA
9,Alan Trammell,DET,AL,1984,76,0,19%,6.8,139,555,85,174,14,69,19,60,0.314,0.382,0.468,0.851,NA,NA,NA,NA,NA,NA,NA,NA,NA,NA,NA,NA
1,Don Mattingly,NYY,AL,1985,367,23,94%,6.5,159,652,107,211,35,145,2,56,0.324,0.371,0.567,0.939,NA,NA,NA,NA,NA,NA,NA,NA,NA,NA,NA,NA
2,George Brett,KCR,AL,1985,274,5,70%,8.3,155,550,108,184,30,112,9,103,0.335,0.436,0.585,1.022,NA,NA,NA,NA,NA,NA,NA,NA,NA,NA,NA,NA
3,Rickey Henderson,NYY,AL,1985,174,0,44%,9.9,143,547,146,172,24,72,80,99,0.314,0.419,0.516,0.934,NA,NA,NA,NA,NA,NA,NA,NA,NA,NA,NA,NA
4,Wade Boggs,BOS,AL,1985,159,0,41%,9.1,161,653,107,240,8,78,2,96,0.368,0.45,0.478,0.928,NA,NA,NA,NA,NA,NA,NA,NA,NA,NA,NA,NA
5,Eddie Murray,BAL,AL,1985,130,0,33%,5.6,156,583,111,173,31,124,5,84,0.297,0.383,0.523,0.906,NA,NA,NA,NA,NA,NA,NA,NA,NA,NA,NA,NA
6,Donnie Moore,CAL,AL,1985,96,0,24%,3.6,0,0,0,0,0,0,0,0,NA,NA,NA,NA,8,8,1.92,1.087,65,0,31,103,91,9,21,72
7,Jesse Barfield,TOR,AL,1985,88,0,22%,6.8,155,539,94,156,27,84,22,66,0.289,0.369,0.536,0.905,NA,NA,NA,NA,NA,NA,NA,NA,NA,NA,NA,NA
8,George Bell,TOR,AL,1985,84,0,21%,4.1,157,607,87,167,28,95,21,43,0.275,0.327,0.479,0.807,NA,NA,NA,NA,NA,NA,NA,NA,NA,NA,NA,NA
9,Harold Baines,CHW,AL,1985,49,0,13%,2.4,160,640,86,198,22,113,1,42,0.309,0.348,0.467,0.815,NA,NA,NA,NA,NA,NA,NA,NA,NA,NA,NA,NA
1,Roger Clemens,BOS,AL,1986,339,19,86%,8.8,0,0,0,0,0,0,0,0,NA,NA,NA,NA,24,4,2.48,0.969,33,33,0,254,179,21,67,238
2,Don Mattingly,NYY,AL,1986,258,5,66%,7.2,162,677,117,238,31,113,0,53,0.352,0.394,0.573,0.967,NA,NA,NA,NA,NA,NA,NA,NA,NA,NA,NA,NA
3,Jim Rice,BOS,AL,1986,241,4,61%,5.6,157,618,98,200,20,110,0,62,0.324,0.384,0.49,0.874,NA,NA,NA,NA,NA,NA,NA,NA,NA,NA,NA,NA
4,George Bell,TOR,AL,1986,125,0,32%,3.8,159,641,101,198,31,108,7,41,0.309,0.349,0.532,0.881,NA,NA,NA,NA,NA,NA,NA,NA,NA,NA,NA,NA
5,Jesse Barfield,TOR,AL,1986,107,0,27%,7.6,158,589,107,170,40,108,8,69,0.289,0.368,0.559,0.927,NA,NA,NA,NA,NA,NA,NA,NA,NA,NA,NA,NA
6,Kirby Puckett,MIN,AL,1986,105,0,27%,5.7,161,680,119,223,31,96,20,34,0.328,0.366,0.537,0.903,NA,NA,NA,NA,NA,NA,NA,NA,NA,NA,NA,NA
7,Wade Boggs,BOS,AL,1986,87,0,22%,8.1,149,580,107,207,8,71,0,105,0.357,0.453,0.486,0.939,NA,NA,NA,NA,NA,NA,NA,NA,NA,NA,NA,NA
8,Wally Joyner,CAL,AL,1986,74,0,19%,3.2,154,593,82,172,22,100,5,57,0.29,0.348,0.457,0.805,NA,NA,NA,NA,NA,NA,NA,NA,NA,NA,NA,NA
9,Joe Carter,CLE,AL,1986,72,0,18%,5.7,162,663,108,200,29,121,29,32,0.302,0.335,0.514,0.849,NA,NA,NA,NA,NA,NA,NA,NA,NA,NA,NA,NA
1,George Bell,TOR,AL,1987,332,16,85%,5,156,610,111,188,47,134,5,39,0.308,0.352,0.605,0.957,NA,NA,NA,NA,NA,NA,NA,NA,NA,NA,NA,NA
2,Alan Trammell,DET,AL,1987,311,12,79%,8.2,151,597,109,205,28,105,21,60,0.343,0.402,0.551,0.953,NA,NA,NA,NA,NA,NA,NA,NA,NA,NA,NA,NA
3,Kirby Puckett,MIN,AL,1987,201,0,51%,4.2,157,624,96,207,28,99,12,32,0.332,0.367,0.534,0.9,NA,NA,NA,NA,NA,NA,NA,NA,NA,NA,NA,NA
4,Dwight Evans,BOS,AL,1987,127,0,32%,4.8,154,541,109,165,34,123,4,106,0.305,0.417,0.569,0.986,NA,NA,NA,NA,NA,NA,NA,NA,NA,NA,NA,NA
5,Paul Molitor,MIL,AL,1987,125,0,32%,6,118,465,114,164,16,75,45,69,0.353,0.438,0.566,1.003,NA,NA,NA,NA,NA,NA,NA,NA,NA,NA,NA,NA
6,Mark McGwire,OAK,AL,1987,109,0,28%,5.1,151,557,97,161,49,118,1,71,0.289,0.37,0.618,0.987,NA,NA,NA,NA,NA,NA,NA,NA,NA,NA,NA,NA
7,Don Mattingly,NYY,AL,1987,92,0,23%,5.1,141,569,93,186,30,115,1,51,0.327,0.378,0.559,0.937,NA,NA,NA,NA,NA,NA,NA,NA,NA,NA,NA,NA
8,Tony Fernández,TOR,AL,1987,79,0,20%,5.1,146,578,90,186,5,67,32,51,0.322,0.379,0.426,0.805,NA,NA,NA,NA,NA,NA,NA,NA,NA,NA,NA,NA
9,Wade Boggs,BOS,AL,1987,64,0,16%,8.3,147,551,108,200,24,89,1,105,0.363,0.461,0.588,1.049,NA,NA,NA,NA,NA,NA,NA,NA,NA,NA,NA,NA
1,José Canseco,OAK,AL,1988,392,28,100%,7.3,158,610,120,187,42,124,40,78,0.307,0.391,0.569,0.959,NA,NA,NA,NA,NA,NA,NA,NA,NA,NA,NA,NA
2,Mike Greenwell,BOS,AL,1988,242,0,62%,7.5,158,590,86,192,22,119,16,87,0.325,0.416,0.531,0.946,NA,NA,NA,NA,NA,NA,NA,NA,NA,NA,NA,NA
3,Kirby Puckett,MIN,AL,1988,219,0,56%,7.8,158,657,109,234,24,121,6,23,0.356,0.375,0.545,0.92,NA,NA,NA,NA,NA,NA,NA,NA,NA,NA,NA,NA
4,Dave Winfield,NYY,AL,1988,164,0,42%,5.4,149,559,96,180,25,107,9,69,0.322,0.398,0.53,0.927,NA,NA,NA,NA,NA,NA,NA,NA,NA,NA,NA,NA
5,Dennis Eckersley,OAK,AL,1988,156,0,40%,2.3,0,0,0,0,0,0,0,0,NA,NA,NA,NA,4,2,2.35,0.867,60,0,45,72.2,52,5,11,70
6,Wade Boggs,BOS,AL,1988,107,0,27%,8.3,155,584,128,214,5,58,2,125,0.366,0.476,0.49,0.965,NA,NA,NA,NA,NA,NA,NA,NA,NA,NA,NA,NA
7,Alan Trammell,DET,AL,1988,62,0,16%,6,128,466,73,145,15,69,7,46,0.311,0.373,0.464,0.836,NA,NA,NA,NA,NA,NA,NA,NA,NA,NA,NA,NA
8,Paul Molitor,MIL,AL,1988,50,0,13%,5.2,154,609,115,190,13,60,41,71,0.312,0.384,0.452,0.836,NA,NA,NA,NA,NA,NA,NA,NA,NA,NA,NA,NA
9,Dwight Evans,BOS,AL,1988,49,0,13%,3.2,149,559,96,164,21,111,5,76,0.293,0.375,0.487,0.861,NA,NA,NA,NA,NA,NA,NA,NA,NA,NA,NA,NA
1,Robin Yount,MIL,AL,1989,256,8,65%,5.8,160,614,101,195,21,103,19,63,0.318,0.384,0.511,0.896,NA,NA,NA,NA,NA,NA,NA,NA,NA,NA,NA,NA
2,Rubén Sierra,TEX,AL,1989,228,6,58%,5.9,162,634,101,194,29,119,8,43,0.306,0.347,0.543,0.889,NA,NA,NA,NA,NA,NA,NA,NA,NA,NA,NA,NA
3,Cal Ripken Jr.,BAL,AL,1989,216,6,55%,6.7,162,646,80,166,21,93,3,57,0.257,0.317,0.401,0.718,NA,NA,NA,NA,NA,NA,NA,NA,NA,NA,NA,NA
4,George Bell,TOR,AL,1989,205,4,52%,3,153,613,88,182,18,104,4,33,0.297,0.33,0.458,0.788,NA,NA,NA,NA,NA,NA,NA,NA,NA,NA,NA,NA
5,Dennis Eckersley,OAK,AL,1989,116,3,30%,2.6,1,0,0,0,0,0,0,0,NA,NA,NA,NA,4,0,1.56,0.607,51,0,33,57.2,32,5,3,55
6,Fred McGriff,TOR,AL,1989,96,0,24%,6.6,161,551,98,148,36,92,7,119,0.269,0.399,0.525,0.924,NA,NA,NA,NA,NA,NA,NA,NA,NA,NA,NA,NA
7,Kirby Puckett,MIN,AL,1989,84,0,21%,4.9,159,635,75,215,9,85,11,41,0.339,0.379,0.465,0.843,NA,NA,NA,NA,NA,NA,NA,NA,NA,NA,NA,NA
8,Bret Saberhagen,KCR,AL,1989,82,0,21%,9.7,3,0,1,0,0,0,0,0,NA,NA,NA,NA,23,6,2.16,0.961,36,35,0,262.1,209,13,43,193
9,Rickey Henderson,TOT,AL,1989,67,0,17%,8.7,150,541,113,148,12,57,77,126,0.274,0.411,0.399,0.81,NA,NA,NA,NA,NA,NA,NA,NA,NA,NA,NA,NA
1,Rickey Henderson,OAK,AL,1990,317,14,81%,9.9,136,489,119,159,28,61,65,97,0.325,0.439,0.577,1.016,NA,NA,NA,NA,NA,NA,NA,NA,NA,NA,NA,NA
2,Cecil Fielder,DET,AL,1990,286,10,73%,6.5,159,573,104,159,51,132,0,90,0.277,0.377,0.592,0.969,NA,NA,NA,NA,NA,NA,NA,NA,NA,NA,NA,NA
3,Roger Clemens,BOS,AL,1990,212,3,54%,10.4,0,0,0,0,0,0,0,0,NA,NA,NA,NA,21,6,1.93,1.082,31,31,0,228.1,193,7,54,209
4,Kelly Gruber,TOR,AL,1990,175,0,45%,4.2,150,592,92,162,31,118,14,48,0.274,0.33,0.512,0.842,NA,NA,NA,NA,NA,NA,NA,NA,NA,NA,NA,NA
5,Bobby Thigpen,CHW,AL,1990,170,0,43%,3.5,0,0,0,0,0,0,0,0,NA,NA,NA,NA,4,6,1.83,1.038,77,0,57,88.2,60,5,32,70
6,Dennis Eckersley,OAK,AL,1990,112,1,29%,3.3,2,0,0,0,0,0,0,0,NA,NA,NA,NA,4,2,0.61,0.614,63,0,48,73.1,41,2,4,73
7,George Brett,KCR,AL,1990,60,0,15%,4.1,142,544,82,179,14,87,9,56,0.329,0.387,0.515,0.902,NA,NA,NA,NA,NA,NA,NA,NA,NA,NA,NA,NA
8,Dave Stewart,OAK,AL,1990,56,0,14%,5.2,1,0,0,0,0,0,0,0,NA,NA,NA,NA,22,11,2.56,1.157,36,36,0,267,226,16,83,166
9,Bob Welch,OAK,AL,1990,54,0,14%,2.9,0,0,0,0,0,0,0,0,NA,NA,NA,NA,27,6,2.95,1.223,35,35,0,238,214,26,77,127
1,Cal Ripken Jr.,BAL,AL,1991,318,15,81%,11.5,162,650,99,210,34,114,6,53,0.323,0.374,0.566,0.94,NA,NA,NA,NA,NA,NA,NA,NA,NA,NA,NA,NA
2,Cecil Fielder,DET,AL,1991,286,9,73%,3.8,162,624,102,163,44,133,0,78,0.261,0.347,0.513,0.86,NA,NA,NA,NA,NA,NA,NA,NA,NA,NA,NA,NA
3,Frank Thomas,CHW,AL,1991,181,1,46%,7,158,559,104,178,32,109,1,138,0.318,0.453,0.553,1.006,NA,NA,NA,NA,NA,NA,NA,NA,NA,NA,NA,NA
4,José Canseco,OAK,AL,1991,145,0,37%,5.3,154,572,115,152,44,122,26,78,0.266,0.359,0.556,0.915,NA,NA,NA,NA,NA,NA,NA,NA,NA,NA,NA,NA
5,Joe Carter,TOR,AL,1991,136,1,35%,4.7,162,638,89,174,33,108,20,49,0.273,0.33,0.503,0.833,NA,NA,NA,NA,NA,NA,NA,NA,NA,NA,NA,NA
6,Roberto Alomar,TOR,AL,1991,128,2,33%,4.6,161,637,88,188,9,69,53,57,0.295,0.354,0.436,0.791,NA,NA,NA,NA,NA,NA,NA,NA,NA,NA,NA,NA
7,Kirby Puckett,MIN,AL,1991,78,0,20%,4.3,152,611,92,195,15,89,11,31,0.319,0.352,0.46,0.812,NA,NA,NA,NA,NA,NA,NA,NA,NA,NA,NA,NA
8,Rubén Sierra,TEX,AL,1991,63,0,16%,5.1,161,661,110,203,25,116,16,56,0.307,0.357,0.502,0.859,NA,NA,NA,NA,NA,NA,NA,NA,NA,NA,NA,NA
9,Ken Griffey Jr.,SEA,AL,1991,62,0,16%,7.1,154,548,76,179,22,100,18,71,0.327,0.399,0.527,0.926,NA,NA,NA,NA,NA,NA,NA,NA,NA,NA,NA,NA
1,Dennis Eckersley,OAK,AL,1992,306,15,78%,2.9,0,0,0,0,0,0,0,0,NA,NA,NA,NA,7,1,1.91,0.913,69,0,51,80,62,5,11,93
2,Kirby Puckett,MIN,AL,1992,209,3,53%,7.1,160,639,104,210,19,110,17,44,0.329,0.374,0.49,0.864,NA,NA,NA,NA,NA,NA,NA,NA,NA,NA,NA,NA
3,Joe Carter,TOR,AL,1992,201,4,51%,2.5,158,622,97,164,34,119,12,36,0.264,0.309,0.498,0.808,NA,NA,NA,NA,NA,NA,NA,NA,NA,NA,NA,NA
4,Mark McGwire,OAK,AL,1992,155,1,40%,6.5,139,467,87,125,42,104,0,90,0.268,0.385,0.585,0.97,NA,NA,NA,NA,NA,NA,NA,NA,NA,NA,NA,NA
5,Dave Winfield,TOR,AL,1992,141,2,36%,4.1,156,583,92,169,26,108,2,82,0.29,0.377,0.491,0.867,NA,NA,NA,NA,NA,NA,NA,NA,NA,NA,NA,NA
6,Roberto Alomar,TOR,AL,1992,118,3,30%,6.6,152,571,105,177,8,76,49,87,0.31,0.405,0.427,0.832,NA,NA,NA,NA,NA,NA,NA,NA,NA,NA,NA,NA
7,Mike Devereaux,BAL,AL,1992,109,0,28%,4.5,156,653,76,180,24,107,10,44,0.276,0.321,0.464,0.785,NA,NA,NA,NA,NA,NA,NA,NA,NA,NA,NA,NA
8,Frank Thomas,CHW,AL,1992,108,0,28%,7,160,573,108,185,24,115,6,122,0.323,0.439,0.536,0.975,NA,NA,NA,NA,NA,NA,NA,NA,NA,NA,NA,NA
9,Cecil Fielder,DET,AL,1992,83,0,21%,2.8,155,594,80,145,35,124,0,73,0.244,0.325,0.458,0.783,NA,NA,NA,NA,NA,NA,NA,NA,NA,NA,NA,NA
1,Frank Thomas,CHW,AL,1993,392,28,100%,6.2,153,549,106,174,41,128,4,112,0.317,0.426,0.607,1.033,NA,NA,NA,NA,NA,NA,NA,NA,NA,NA,NA,NA
2,Paul Molitor,TOR,AL,1993,209,0,53%,5.6,160,636,121,211,22,111,22,77,0.332,0.402,0.509,0.911,NA,NA,NA,NA,NA,NA,NA,NA,NA,NA,NA,NA
3,John Olerud,TOR,AL,1993,198,0,51%,7.8,158,551,109,200,24,107,0,114,0.363,0.473,0.599,1.072,NA,NA,NA,NA,NA,NA,NA,NA,NA,NA,NA,NA
4,Juan González,TEX,AL,1993,185,0,47%,6.5,140,536,105,166,46,118,4,37,0.31,0.368,0.632,1,NA,NA,NA,NA,NA,NA,NA,NA,NA,NA,NA,NA
5,Ken Griffey Jr.,SEA,AL,1993,182,0,46%,8.8,156,582,113,180,45,109,17,96,0.309,0.408,0.617,1.025,NA,NA,NA,NA,NA,NA,NA,NA,NA,NA,NA,NA
6,Roberto Alomar,TOR,AL,1993,102,0,26%,6.1,153,589,109,192,17,93,55,80,0.326,0.408,0.492,0.9,NA,NA,NA,NA,NA,NA,NA,NA,NA,NA,NA,NA
7,Albert Belle,CLE,AL,1993,81,0,21%,4.7,159,594,93,172,38,129,23,76,0.29,0.37,0.552,0.922,NA,NA,NA,NA,NA,NA,NA,NA,NA,NA,NA,NA
8,Rafael Palmeiro,TEX,AL,1993,52,0,13%,6.9,160,597,124,176,37,105,22,73,0.295,0.371,0.554,0.926,NA,NA,NA,NA,NA,NA,NA,NA,NA,NA,NA,NA
9,Jack McDowell,CHW,AL,1993,51,0,13%,4.4,0,0,0,0,0,0,0,0,NA,NA,NA,NA,22,10,3.37,1.286,34,34,0,256.2,261,20,69,158
1,Frank Thomas,CHW,AL,1994,372,24,95%,6.4,113,399,106,141,38,101,2,109,0.353,0.487,0.729,1.217,NA,NA,NA,NA,NA,NA,NA,NA,NA,NA,NA,NA
2,Ken Griffey Jr.,SEA,AL,1994,233,3,59%,6.9,111,433,94,140,40,90,11,56,0.323,0.402,0.674,1.076,NA,NA,NA,NA,NA,NA,NA,NA,NA,NA,NA,NA
3,Albert Belle,CLE,AL,1994,225,0,57%,5.7,106,412,90,147,36,101,9,58,0.357,0.438,0.714,1.152,NA,NA,NA,NA,NA,NA,NA,NA,NA,NA,NA,NA
4,Kenny Lofton,CLE,AL,1994,181,1,46%,7.2,112,459,105,160,12,57,60,52,0.349,0.412,0.536,0.948,NA,NA,NA,NA,NA,NA,NA,NA,NA,NA,NA,NA
5,Paul O'Neill,NYY,AL,1994,150,0,38%,4.3,103,368,68,132,21,83,5,72,0.359,0.46,0.603,1.064,NA,NA,NA,NA,NA,NA,NA,NA,NA,NA,NA,NA
6,Jimmy Key,NYY,AL,1994,102,0,26%,4.4,0,0,0,0,0,0,0,0,NA,NA,NA,NA,17,4,3.27,1.363,25,25,0,168,177,10,52,97
7,Kirby Puckett,MIN,AL,1994,100,0,26%,3.6,108,439,79,139,20,112,6,28,0.317,0.362,0.54,0.902,NA,NA,NA,NA,NA,NA,NA,NA,NA,NA,NA,NA
8,Julio Franco,CHW,AL,1994,49,0,13%,3,112,433,72,138,20,98,8,62,0.319,0.406,0.51,0.916,NA,NA,NA,NA,NA,NA,NA,NA,NA,NA,NA,NA
9,David Cone,KCR,AL,1994,40,0,10%,6.9,0,0,0,0,0,0,0,0,NA,NA,NA,NA,16,5,2.94,1.072,23,23,0,171.2,130,15,54,132
1,Mo Vaughn,BOS,AL,1995,308,12,79%,4.3,140,550,98,165,39,126,11,68,0.3,0.388,0.575,0.963,NA,NA,NA,NA,NA,NA,NA,NA,NA,NA,NA,NA
2,Albert Belle,CLE,AL,1995,300,11,77%,7,143,546,121,173,50,126,5,73,0.317,0.401,0.69,1.091,NA,NA,NA,NA,NA,NA,NA,NA,NA,NA,NA,NA
3,Edgar Martínez,SEA,AL,1995,244,4,62%,7,145,511,121,182,29,113,4,116,0.356,0.479,0.628,1.107,NA,NA,NA,NA,NA,NA,NA,NA,NA,NA,NA,NA
4,José Mesa,CLE,AL,1995,130,1,33%,3.9,1,0,0,0,0,0,0,0,NA,NA,NA,NA,3,0,1.13,1.031,62,0,46,64,49,3,17,58
5,Jay Buhner,SEA,AL,1995,120,0,31%,2.4,126,470,86,123,40,121,0,60,0.262,0.343,0.566,0.909,NA,NA,NA,NA,NA,NA,NA,NA,NA,NA,NA,NA
6,Randy Johnson,SEA,AL,1995,111,0,28%,8.6,0,0,0,0,0,0,0,0,NA,NA,NA,NA,18,2,2.48,1.045,30,30,0,214.1,159,12,65,294
7,Tim Salmon,CAL,AL,1995,110,0,28%,6.6,143,537,111,177,34,105,5,91,0.33,0.429,0.594,1.024,NA,NA,NA,NA,NA,NA,NA,NA,NA,NA,NA,NA
8,Frank Thomas,CHW,AL,1995,86,0,22%,5.3,145,493,102,152,40,111,3,136,0.308,0.454,0.606,1.061,NA,NA,NA,NA,NA,NA,NA,NA,NA,NA,NA,NA
9,John Valentin,BOS,AL,1995,57,0,15%,8.3,135,520,108,155,27,102,20,81,0.298,0.399,0.533,0.931,NA,NA,NA,NA,NA,NA,NA,NA,NA,NA,NA,NA
1,Juan González,TEX,AL,1996,290,11,74%,3.8,134,541,89,170,47,144,2,45,0.314,0.368,0.643,1.011,NA,NA,NA,NA,NA,NA,NA,NA,NA,NA,NA,NA
2,Alex Rodriguez,SEA,AL,1996,287,10,73%,9.4,146,601,141,215,36,123,15,59,0.358,0.414,0.631,1.045,NA,NA,NA,NA,NA,NA,NA,NA,NA,NA,NA,NA
3,Albert Belle,CLE,AL,1996,228,2,58%,5.7,158,602,124,187,48,148,11,99,0.311,0.41,0.623,1.033,NA,NA,NA,NA,NA,NA,NA,NA,NA,NA,NA,NA
4,Ken Griffey Jr.,SEA,AL,1996,188,4,48%,9.7,140,545,125,165,49,140,16,78,0.303,0.392,0.628,1.02,NA,NA,NA,NA,NA,NA,NA,NA,NA,NA,NA,NA
5,Mo Vaughn,BOS,AL,1996,132,0,34%,5.6,161,635,118,207,44,143,2,95,0.326,0.42,0.583,1.003,NA,NA,NA,NA,NA,NA,NA,NA,NA,NA,NA,NA
6,Rafael Palmeiro,BAL,AL,1996,104,0,27%,4.5,162,626,110,181,39,142,8,95,0.289,0.381,0.546,0.927,NA,NA,NA,NA,NA,NA,NA,NA,NA,NA,NA,NA
7,Mark McGwire,OAK,AL,1996,100,0,26%,6.4,130,423,104,132,52,113,0,116,0.312,0.467,0.73,1.198,NA,NA,NA,NA,NA,NA,NA,NA,NA,NA,NA,NA
8,Frank Thomas,CHW,AL,1996,88,0,22%,5.6,141,527,110,184,40,134,1,109,0.349,0.459,0.626,1.085,NA,NA,NA,NA,NA,NA,NA,NA,NA,NA,NA,NA
9,Brady Anderson,BAL,AL,1996,53,0,14%,6.9,149,579,117,172,50,110,21,76,0.297,0.396,0.637,1.034,NA,NA,NA,NA,NA,NA,NA,NA,NA,NA,NA,NA
1,Ken Griffey Jr.,SEA,AL,1997,392,28,100%,9.1,157,608,125,185,56,147,15,76,0.304,0.382,0.646,1.028,NA,NA,NA,NA,NA,NA,NA,NA,NA,NA,NA,NA
2,Tino Martinez,NYY,AL,1997,248,0,63%,5.1,158,594,96,176,44,141,3,75,0.296,0.371,0.577,0.948,NA,NA,NA,NA,NA,NA,NA,NA,NA,NA,NA,NA
3,Frank Thomas,CHW,AL,1997,172,0,44%,7.3,146,530,110,184,35,125,1,109,0.347,0.456,0.611,1.067,NA,NA,NA,NA,NA,NA,NA,NA,NA,NA,NA,NA
4,Randy Myers,BAL,AL,1997,128,0,33%,3.1,4,0,0,0,0,0,0,0,NA,NA,NA,NA,2,3,1.51,1.156,61,0,45,59.2,47,2,22,56
5,David Justice,CLE,AL,1997,90,0,23%,3.8,139,495,84,163,33,101,3,80,0.329,0.418,0.596,1.013,NA,NA,NA,NA,NA,NA,NA,NA,NA,NA,NA,NA
6,Jim Thome,CLE,AL,1997,89,0,23%,5.5,147,496,104,142,40,102,1,120,0.286,0.423,0.579,1.001,NA,NA,NA,NA,NA,NA,NA,NA,NA,NA,NA,NA
7,Tim Salmon,ANA,AL,1997,84,0,21%,5,157,582,95,172,33,129,9,95,0.296,0.394,0.517,0.911,NA,NA,NA,NA,NA,NA,NA,NA,NA,NA,NA,NA
8,Nomar Garciaparra,BOS,AL,1997,83,0,21%,6.6,153,684,122,209,30,98,22,35,0.306,0.342,0.534,0.875,NA,NA,NA,NA,NA,NA,NA,NA,NA,NA,NA,NA
9,Juan González,TEX,AL,1997,66,0,17%,2.7,133,533,87,158,42,131,0,33,0.296,0.335,0.589,0.924,NA,NA,NA,NA,NA,NA,NA,NA,NA,NA,NA,NA
1,Juan González,TEX,AL,1998,357,21,91%,4.9,154,606,110,193,45,157,2,46,0.318,0.366,0.63,0.997,NA,NA,NA,NA,NA,NA,NA,NA,NA,NA,NA,NA
2,Nomar Garciaparra,BOS,AL,1998,232,5,59%,7.1,143,604,111,195,35,122,12,33,0.323,0.362,0.584,0.946,NA,NA,NA,NA,NA,NA,NA,NA,NA,NA,NA,NA
3,Derek Jeter,NYY,AL,1998,180,2,46%,7.5,149,626,127,203,19,84,30,57,0.324,0.384,0.481,0.864,NA,NA,NA,NA,NA,NA,NA,NA,NA,NA,NA,NA
4,Ken Griffey Jr.,SEA,AL,1998,135,0,34%,6.6,161,633,120,180,56,146,20,76,0.284,0.365,0.611,0.977,NA,NA,NA,NA,NA,NA,NA,NA,NA,NA,NA,NA
4,Mo Vaughn,BOS,AL,1998,135,0,34%,5.6,154,609,107,205,40,115,0,61,0.337,0.402,0.591,0.993,NA,NA,NA,NA,NA,NA,NA,NA,NA,NA,NA,NA
6,Manny Ramirez,CLE,AL,1998,127,0,32%,5.3,150,571,108,168,45,145,5,76,0.294,0.377,0.599,0.976,NA,NA,NA,NA,NA,NA,NA,NA,NA,NA,NA,NA
7,Bernie Williams,NYY,AL,1998,103,0,26%,5.2,128,499,101,169,26,97,15,74,0.339,0.422,0.575,0.997,NA,NA,NA,NA,NA,NA,NA,NA,NA,NA,NA,NA
8,Albert Belle,CHW,AL,1998,98,0,25%,7.1,163,609,113,200,49,152,6,81,0.328,0.399,0.655,1.055,NA,NA,NA,NA,NA,NA,NA,NA,NA,NA,NA,NA
9,Alex Rodriguez,SEA,AL,1998,92,0,23%,8.5,161,686,123,213,42,124,46,45,0.31,0.36,0.56,0.919,NA,NA,NA,NA,NA,NA,NA,NA,NA,NA,NA,NA
1,Iván Rodríguez,TEX,AL,1999,252,7,64%,6.4,144,600,116,199,35,113,25,24,0.332,0.356,0.558,0.914,NA,NA,NA,NA,NA,NA,NA,NA,NA,NA,NA,NA
2,Pedro Martinez,BOS,AL,1999,239,8,61%,9.8,2,2,0,0,0,0,0,0,0,0,0,0,23,4,2.07,0.923,31,29,0,213.1,160,9,37,313
3,Roberto Alomar,CLE,AL,1999,226,4,58%,7.4,159,563,138,182,24,120,37,99,0.323,0.422,0.533,0.955,NA,NA,NA,NA,NA,NA,NA,NA,NA,NA,NA,NA
3,Manny Ramirez,CLE,AL,1999,226,4,58%,7.3,147,522,131,174,44,165,2,96,0.333,0.442,0.663,1.105,NA,NA,NA,NA,NA,NA,NA,NA,NA,NA,NA,NA
5,Rafael Palmeiro,TEX,AL,1999,193,4,49%,5.2,158,565,96,183,47,148,2,97,0.324,0.42,0.63,1.05,NA,NA,NA,NA,NA,NA,NA,NA,NA,NA,NA,NA
6,Derek Jeter,NYY,AL,1999,177,1,45%,8,158,627,134,219,24,102,19,91,0.349,0.438,0.552,0.989,NA,NA,NA,NA,NA,NA,NA,NA,NA,NA,NA,NA
7,Nomar Garciaparra,BOS,AL,1999,137,0,35%,6.6,135,532,103,190,27,104,14,51,0.357,0.418,0.603,1.022,NA,NA,NA,NA,NA,NA,NA,NA,NA,NA,NA,NA
8,Jason Giambi,OAK,AL,1999,49,0,13%,5.9,158,575,115,181,33,123,1,105,0.315,0.422,0.553,0.975,NA,NA,NA,NA,NA,NA,NA,NA,NA,NA,NA,NA
9,Shawn Green,TOR,AL,1999,44,0,11%,6.4,153,614,134,190,42,123,20,66,0.309,0.384,0.588,0.972,NA,NA,NA,NA,NA,NA,NA,NA,NA,NA,NA,NA
1,Jason Giambi,OAK,AL,2000,317,14,81%,7.8,152,510,108,170,43,137,2,137,0.333,0.476,0.647,1.123,NA,NA,NA,NA,NA,NA,NA,NA,NA,NA,NA,NA
2,Frank Thomas,CHW,AL,2000,285,10,73%,6,159,582,115,191,43,143,1,112,0.328,0.436,0.625,1.061,NA,NA,NA,NA,NA,NA,NA,NA,NA,NA,NA,NA
3,Alex Rodriguez,SEA,AL,2000,218,4,56%,10.4,148,554,134,175,41,132,15,100,0.316,0.42,0.606,1.026,NA,NA,NA,NA,NA,NA,NA,NA,NA,NA,NA,NA
4,Carlos Delgado,TOR,AL,2000,206,0,53%,7.3,162,569,115,196,41,137,0,123,0.344,0.47,0.664,1.134,NA,NA,NA,NA,NA,NA,NA,NA,NA,NA,NA,NA
5,Pedro Martinez,BOS,AL,2000,103,0,26%,11.7,0,0,0,0,0,0,0,0,NA,NA,NA,NA,18,6,1.74,0.737,29,29,0,217,128,17,32,284
6,Edgar Martínez,SEA,AL,2000,97,0,25%,5.7,153,556,100,180,37,145,3,96,0.324,0.423,0.579,1.002,NA,NA,NA,NA,NA,NA,NA,NA,NA,NA,NA,NA
6,Manny Ramirez,CLE,AL,2000,97,0,25%,4.8,118,439,92,154,38,122,1,86,0.351,0.457,0.697,1.154,NA,NA,NA,NA,NA,NA,NA,NA,NA,NA,NA,NA
8,Darin Erstad,ANA,AL,2000,94,0,24%,8.4,157,676,121,240,25,100,28,64,0.355,0.409,0.541,0.951,NA,NA,NA,NA,NA,NA,NA,NA,NA,NA,NA,NA
9,Nomar Garciaparra,BOS,AL,2000,66,0,17%,7.4,140,529,104,197,21,96,5,61,0.372,0.434,0.599,1.033,NA,NA,NA,NA,NA,NA,NA,NA,NA,NA,NA,NA
1,Ichiro Suzuki,SEA,AL,2001,289,11,74%,7.7,157,692,127,242,8,69,56,30,0.35,0.381,0.457,0.838,NA,NA,NA,NA,NA,NA,NA,NA,NA,NA,NA,NA
2,Jason Giambi,OAK,AL,2001,281,8,72%,9.2,154,520,109,178,38,120,2,129,0.342,0.477,0.66,1.137,NA,NA,NA,NA,NA,NA,NA,NA,NA,NA,NA,NA
3,Bret Boone,SEA,AL,2001,259,7,66%,8.8,158,623,118,206,37,141,5,40,0.331,0.372,0.578,0.95,NA,NA,NA,NA,NA,NA,NA,NA,NA,NA,NA,NA
4,Roberto Alomar,CLE,AL,2001,165,2,42%,7.3,157,575,113,193,20,100,30,80,0.336,0.415,0.541,0.956,NA,NA,NA,NA,NA,NA,NA,NA,NA,NA,NA,NA
5,Juan González,CLE,AL,2001,156,0,40%,4.4,140,532,97,173,35,140,1,41,0.325,0.37,0.59,0.96,NA,NA,NA,NA,NA,NA,NA,NA,NA,NA,NA,NA
6,Alex Rodriguez,TEX,AL,2001,141,0,36%,8.3,162,632,133,201,52,135,18,75,0.318,0.399,0.622,1.021,NA,NA,NA,NA,NA,NA,NA,NA,NA,NA,NA,NA
7,Jim Thome,CLE,AL,2001,107,0,27%,5.6,156,526,101,153,49,124,0,111,0.291,0.416,0.624,1.04,NA,NA,NA,NA,NA,NA,NA,NA,NA,NA,NA,NA
8,Roger Clemens,NYY,AL,2001,67,0,17%,5.6,1,2,0,0,0,0,0,0,0,0,0,0,20,3,3.51,1.257,33,33,0,220.1,205,19,72,213
9,Manny Ramirez,BOS,AL,2001,50,0,13%,5.2,142,529,93,162,41,125,0,81,0.306,0.405,0.609,1.014,NA,NA,NA,NA,NA,NA,NA,NA,NA,NA,NA,NA
1,Miguel Tejada,OAK,AL,2002,356,21,91%,5.7,162,662,108,204,34,131,7,38,0.308,0.354,0.508,0.861,NA,NA,NA,NA,NA,NA,NA,NA,NA,NA,NA,NA
2,Alex Rodriguez,TEX,AL,2002,254,5,65%,8.8,162,624,125,187,57,142,9,87,0.3,0.392,0.623,1.015,NA,NA,NA,NA,NA,NA,NA,NA,NA,NA,NA,NA
3,Alfonso Soriano,NYY,AL,2002,234,2,60%,4.9,156,696,128,209,39,102,41,23,0.3,0.332,0.547,0.88,NA,NA,NA,NA,NA,NA,NA,NA,NA,NA,NA,NA
4,Garret Anderson,ANA,AL,2002,184,0,47%,5.1,158,638,93,195,29,123,6,30,0.306,0.332,0.539,0.871,NA,NA,NA,NA,NA,NA,NA,NA,NA,NA,NA,NA
5,Jason Giambi,NYY,AL,2002,162,0,41%,7.1,155,560,120,176,41,122,2,109,0.314,0.435,0.598,1.034,NA,NA,NA,NA,NA,NA,NA,NA,NA,NA,NA,NA
6,Torii Hunter,MIN,AL,2002,132,0,34%,3.5,148,561,89,162,29,94,23,35,0.289,0.334,0.524,0.859,NA,NA,NA,NA,NA,NA,NA,NA,NA,NA,NA,NA
7,Jim Thome,CLE,AL,2002,69,0,18%,7.4,147,480,101,146,52,118,1,122,0.304,0.445,0.677,1.122,NA,NA,NA,NA,NA,NA,NA,NA,NA,NA,NA,NA
8,Magglio Ordóñez,CHW,AL,2002,59,0,15%,5.2,153,590,116,189,38,135,7,53,0.32,0.381,0.597,0.978,NA,NA,NA,NA,NA,NA,NA,NA,NA,NA,NA,NA
9,Manny Ramirez,BOS,AL,2002,39,0,10%,6,120,436,84,152,33,107,0,73,0.349,0.45,0.647,1.097,NA,NA,NA,NA,NA,NA,NA,NA,NA,NA,NA,NA
1,Alex Rodriguez,TEX,AL,2003,242,6,62%,8.4,161,607,124,181,47,118,17,87,0.298,0.396,0.6,0.995,NA,NA,NA,NA,NA,NA,NA,NA,NA,NA,NA,NA
2,Carlos Delgado,TOR,AL,2003,213,5,54%,5.9,161,570,117,172,42,145,0,109,0.302,0.426,0.593,1.019,NA,NA,NA,NA,NA,NA,NA,NA,NA,NA,NA,NA
3,Jorge Posada,NYY,AL,2003,194,5,49%,5.9,142,481,83,135,30,101,2,93,0.281,0.405,0.518,0.922,NA,NA,NA,NA,NA,NA,NA,NA,NA,NA,NA,NA
4,Shannon Stewart,TOT,AL,2003,140,3,36%,3.1,136,573,90,176,13,73,4,52,0.307,0.364,0.459,0.823,NA,NA,NA,NA,NA,NA,NA,NA,NA,NA,NA,NA
5,David Ortiz,BOS,AL,2003,130,4,33%,3.4,128,448,79,129,31,101,0,58,0.288,0.369,0.592,0.961,NA,NA,NA,NA,NA,NA,NA,NA,NA,NA,NA,NA
6,Manny Ramirez,BOS,AL,2003,100,1,26%,5.4,154,569,117,185,37,104,3,97,0.325,0.427,0.587,1.014,NA,NA,NA,NA,NA,NA,NA,NA,NA,NA,NA,NA
7,Nomar Garciaparra,BOS,AL,2003,99,1,25%,6.1,156,658,120,198,28,105,19,39,0.301,0.345,0.524,0.87,NA,NA,NA,NA,NA,NA,NA,NA,NA,NA,NA,NA
8,Vernon Wells,TOR,AL,2003,84,1,21%,4.5,161,678,118,215,33,117,4,42,0.317,0.359,0.55,0.909,NA,NA,NA,NA,NA,NA,NA,NA,NA,NA,NA,NA
9,Carlos Beltrán,KCR,AL,2003,77,0,20%,5.8,141,521,102,160,26,100,41,72,0.307,0.389,0.522,0.911,NA,NA,NA,NA,NA,NA,NA,NA,NA,NA,NA,NA
1,Vladimir Guerrero,ANA,AL,2004,354,21,90%,5.6,156,612,124,206,39,126,15,52,0.337,0.391,0.598,0.989,NA,NA,NA,NA,NA,NA,NA,NA,NA,NA,NA,NA
2,Gary Sheffield,NYY,AL,2004,254,5,65%,4.2,154,573,117,166,36,121,5,92,0.29,0.393,0.534,0.927,NA,NA,NA,NA,NA,NA,NA,NA,NA,NA,NA,NA
3,Manny Ramirez,BOS,AL,2004,238,1,61%,4.1,152,568,108,175,43,130,2,82,0.308,0.397,0.613,1.009,NA,NA,NA,NA,NA,NA,NA,NA,NA,NA,NA,NA
4,David Ortiz,BOS,AL,2004,174,1,44%,4.3,150,582,94,175,41,139,0,75,0.301,0.38,0.603,0.983,NA,NA,NA,NA,NA,NA,NA,NA,NA,NA,NA,NA
5,Miguel Tejada,BAL,AL,2004,123,0,31%,7.4,162,653,107,203,34,150,4,48,0.311,0.36,0.534,0.894,NA,NA,NA,NA,NA,NA,NA,NA,NA,NA,NA,NA
6,Johan Santana,MIN,AL,2004,117,0,30%,8.8,2,8,0,3,0,2,0,0,0.375,0.375,0.375,0.75,20,6,2.61,0.921,34,34,0,228,156,24,54,265
7,Ichiro Suzuki,SEA,AL,2004,98,0,25%,9.2,161,704,101,262,8,60,36,49,0.372,0.414,0.455,0.869,NA,NA,NA,NA,NA,NA,NA,NA,NA,NA,NA,NA
8,Michael Young,TEX,AL,2004,92,0,23%,1.9,160,690,114,216,22,99,12,44,0.313,0.353,0.483,0.836,NA,NA,NA,NA,NA,NA,NA,NA,NA,NA,NA,NA
9,Mariano Rivera,NYY,AL,2004,61,0,16%,4.2,2,0,0,0,0,0,0,0,NA,NA,NA,NA,4,2,1.94,1.081,74,0,53,78.2,65,3,20,66
1,Alex Rodriguez,NYY,AL,2005,331,16,84%,9.4,162,605,124,194,48,130,21,91,0.321,0.421,0.61,1.031,NA,NA,NA,NA,NA,NA,NA,NA,NA,NA,NA,NA
2,David Ortiz,BOS,AL,2005,307,11,78%,5.2,159,601,119,180,47,148,1,102,0.3,0.397,0.604,1.001,NA,NA,NA,NA,NA,NA,NA,NA,NA,NA,NA,NA
3,Vladimir Guerrero,LAA,AL,2005,196,1,50%,5.7,141,520,95,165,32,108,13,61,0.317,0.394,0.565,0.959,NA,NA,NA,NA,NA,NA,NA,NA,NA,NA,NA,NA
4,Manny Ramirez,BOS,AL,2005,156,0,40%,4.4,152,554,112,162,45,144,1,80,0.292,0.388,0.594,0.982,NA,NA,NA,NA,NA,NA,NA,NA,NA,NA,NA,NA
5,Travis Hafner,CLE,AL,2005,151,0,39%,5.4,137,486,94,148,33,108,0,79,0.305,0.408,0.595,1.003,NA,NA,NA,NA,NA,NA,NA,NA,NA,NA,NA,NA
6,Paul Konerko,CHW,AL,2005,128,0,33%,4,158,575,98,163,40,100,0,81,0.283,0.375,0.534,0.909,NA,NA,NA,NA,NA,NA,NA,NA,NA,NA,NA,NA
7,Mark Teixeira,TEX,AL,2005,106,0,27%,7.2,162,644,112,194,43,144,4,72,0.301,0.379,0.575,0.954,NA,NA,NA,NA,NA,NA,NA,NA,NA,NA,NA,NA
8,Gary Sheffield,NYY,AL,2005,84,0,21%,4.1,154,584,104,170,34,123,10,78,0.291,0.379,0.512,0.891,NA,NA,NA,NA,NA,NA,NA,NA,NA,NA,NA,NA
9,Mariano Rivera,NYY,AL,2005,59,0,15%,4,5,0,0,0,0,0,0,0,NA,NA,NA,NA,7,4,1.38,0.868,71,0,43,78.1,50,2,18,80
1,Justin Morneau,MIN,AL,2006,320,15,82%,4.3,157,592,97,190,34,130,3,53,0.321,0.375,0.559,0.934,NA,NA,NA,NA,NA,NA,NA,NA,NA,NA,NA,NA
2,Derek Jeter,NYY,AL,2006,306,12,78%,5.6,154,623,118,214,14,97,34,69,0.343,0.417,0.483,0.9,NA,NA,NA,NA,NA,NA,NA,NA,NA,NA,NA,NA
3,David Ortiz,BOS,AL,2006,193,0,49%,5.8,151,558,115,160,54,137,1,119,0.287,0.413,0.636,1.049,NA,NA,NA,NA,NA,NA,NA,NA,NA,NA,NA,NA
4,Frank Thomas,OAK,AL,2006,174,0,44%,3.2,137,466,77,126,39,114,0,81,0.27,0.381,0.545,0.926,NA,NA,NA,NA,NA,NA,NA,NA,NA,NA,NA,NA
5,Jermaine Dye,CHW,AL,2006,156,0,40%,4.6,146,539,103,170,44,120,7,59,0.315,0.385,0.622,1.006,NA,NA,NA,NA,NA,NA,NA,NA,NA,NA,NA,NA
6,Joe Mauer,MIN,AL,2006,116,0,30%,5.8,140,521,86,181,13,84,8,79,0.347,0.429,0.507,0.936,NA,NA,NA,NA,NA,NA,NA,NA,NA,NA,NA,NA
7,Johan Santana,MIN,AL,2006,114,1,29%,7.6,1,2,0,0,0,0,0,0,0,0,0,0,19,6,2.77,0.997,34,34,0,233.2,186,24,47,245
8,Travis Hafner,CLE,AL,2006,64,0,16%,5.9,129,454,100,140,42,117,0,100,0.308,0.439,0.659,1.097,NA,NA,NA,NA,NA,NA,NA,NA,NA,NA,NA,NA
9,Vladimir Guerrero,LAA,AL,2006,46,0,12%,3.8,156,607,92,200,33,116,15,50,0.329,0.382,0.552,0.934,NA,NA,NA,NA,NA,NA,NA,NA,NA,NA,NA,NA
1,Alex Rodriguez,NYY,AL,2007,382,26,97%,9.4,158,583,143,183,54,156,24,95,0.314,0.422,0.645,1.067,NA,NA,NA,NA,NA,NA,NA,NA,NA,NA,NA,NA
2,Magglio Ordóñez,DET,AL,2007,258,2,66%,7.3,157,595,117,216,28,139,4,76,0.363,0.434,0.595,1.029,NA,NA,NA,NA,NA,NA,NA,NA,NA,NA,NA,NA
3,Vladimir Guerrero,LAA,AL,2007,203,0,52%,4.6,150,574,89,186,27,125,2,71,0.324,0.403,0.547,0.95,NA,NA,NA,NA,NA,NA,NA,NA,NA,NA,NA,NA
4,David Ortiz,BOS,AL,2007,177,0,45%,6.4,149,549,116,182,35,117,3,111,0.332,0.445,0.621,1.066,NA,NA,NA,NA,NA,NA,NA,NA,NA,NA,NA,NA
5,Mike Lowell,BOS,AL,2007,126,0,32%,5,154,589,79,191,21,120,3,53,0.324,0.378,0.501,0.879,NA,NA,NA,NA,NA,NA,NA,NA,NA,NA,NA,NA
6,Jorge Posada,NYY,AL,2007,112,0,29%,5.4,144,506,91,171,20,90,2,74,0.338,0.426,0.543,0.97,NA,NA,NA,NA,NA,NA,NA,NA,NA,NA,NA,NA
7,Víctor Martínez,CLE,AL,2007,103,0,26%,4.3,147,562,78,169,25,114,0,62,0.301,0.374,0.505,0.879,NA,NA,NA,NA,NA,NA,NA,NA,NA,NA,NA,NA
8,Ichiro Suzuki,SEA,AL,2007,89,0,23%,5.8,161,678,111,238,6,68,37,49,0.351,0.396,0.431,0.827,NA,NA,NA,NA,NA,NA,NA,NA,NA,NA,NA,NA
9,Carlos Peña,TBD,AL,2007,64,0,16%,7.2,148,490,99,138,46,121,1,103,0.282,0.411,0.627,1.037,NA,NA,NA,NA,NA,NA,NA,NA,NA,NA,NA,NA
1,Dustin Pedroia,BOS,AL,2008,317,16,81%,7,157,653,118,213,17,83,20,50,0.326,0.376,0.493,0.869,NA,NA,NA,NA,NA,NA,NA,NA,NA,NA,NA,NA
2,Justin Morneau,MIN,AL,2008,257,7,66%,4.2,163,623,97,187,23,129,0,76,0.3,0.374,0.499,0.873,NA,NA,NA,NA,NA,NA,NA,NA,NA,NA,NA,NA
3,Kevin Youkilis,BOS,AL,2008,201,2,51%,6.3,145,538,91,168,29,115,3,62,0.312,0.39,0.569,0.958,NA,NA,NA,NA,NA,NA,NA,NA,NA,NA,NA,NA
4,Joe Mauer,MIN,AL,2008,188,2,48%,5.6,146,536,98,176,9,85,1,84,0.328,0.413,0.451,0.864,NA,NA,NA,NA,NA,NA,NA,NA,NA,NA,NA,NA
5,Carlos Quentin,CHW,AL,2008,160,0,41%,5.3,130,480,96,138,36,100,7,66,0.288,0.394,0.571,0.965,NA,NA,NA,NA,NA,NA,NA,NA,NA,NA,NA,NA
6,Francisco Rodríguez,LAA,AL,2008,143,1,36%,2.5,4,0,0,0,0,0,0,0,NA,NA,NA,NA,2,3,2.24,1.288,76,0,62,68.1,54,4,34,77
7,Josh Hamilton,TEX,AL,2008,112,0,29%,5.5,156,624,98,190,32,130,9,64,0.304,0.371,0.53,0.901,NA,NA,NA,NA,NA,NA,NA,NA,NA,NA,NA,NA
8,Alex Rodriguez,NYY,AL,2008,45,0,11%,6.8,138,510,104,154,35,103,18,65,0.302,0.392,0.573,0.965,NA,NA,NA,NA,NA,NA,NA,NA,NA,NA,NA,NA
9,Carlos Peña,TBR,AL,2008,44,0,11%,5.1,139,490,76,121,31,102,1,96,0.247,0.377,0.494,0.871,NA,NA,NA,NA,NA,NA,NA,NA,NA,NA,NA,NA
1,Joe Mauer,MIN,AL,2009,387,27,99%,7.8,138,523,94,191,28,96,4,76,0.365,0.444,0.587,1.031,NA,NA,NA,NA,NA,NA,NA,NA,NA,NA,NA,NA
2,Mark Teixeira,NYY,AL,2009,225,0,57%,5.3,156,609,103,178,39,122,2,81,0.292,0.383,0.565,0.948,NA,NA,NA,NA,NA,NA,NA,NA,NA,NA,NA,NA
3,Derek Jeter,NYY,AL,2009,193,0,49%,6.6,153,634,107,212,18,66,30,72,0.334,0.406,0.465,0.871,NA,NA,NA,NA,NA,NA,NA,NA,NA,NA,NA,NA
4,Miguel Cabrera,DET,AL,2009,171,1,44%,5.1,160,611,96,198,34,103,6,68,0.324,0.396,0.547,0.942,NA,NA,NA,NA,NA,NA,NA,NA,NA,NA,NA,NA
5,Kendrys Morales,LAA,AL,2009,170,0,43%,4.3,152,566,86,173,34,108,3,46,0.306,0.355,0.569,0.924,NA,NA,NA,NA,NA,NA,NA,NA,NA,NA,NA,NA
6,Kevin Youkilis,BOS,AL,2009,150,0,38%,6.6,136,491,99,150,27,94,7,77,0.305,0.413,0.548,0.961,NA,NA,NA,NA,NA,NA,NA,NA,NA,NA,NA,NA
7,Jason Bay,BOS,AL,2009,78,0,20%,5.2,151,531,103,142,36,119,13,94,0.267,0.384,0.537,0.921,NA,NA,NA,NA,NA,NA,NA,NA,NA,NA,NA,NA
8,Ben Zobrist,TBR,AL,2009,34,0,9%,8.6,152,501,91,149,27,91,17,91,0.297,0.405,0.543,0.948,NA,NA,NA,NA,NA,NA,NA,NA,NA,NA,NA,NA
9,Ichiro Suzuki,SEA,AL,2009,33,0,8%,4.7,146,639,88,225,11,46,26,32,0.352,0.386,0.465,0.851,NA,NA,NA,NA,NA,NA,NA,NA,NA,NA,NA,NA
1,Josh Hamilton,TEX,AL,2010,358,22,91%,8.7,133,518,95,186,32,100,8,43,0.359,0.411,0.633,1.044,NA,NA,NA,NA,NA,NA,NA,NA,NA,NA,NA,NA
2,Miguel Cabrera,DET,AL,2010,262,5,67%,6.5,150,548,111,180,38,126,3,89,0.328,0.42,0.622,1.042,NA,NA,NA,NA,NA,NA,NA,NA,NA,NA,NA,NA
3,Robinson Canó,NYY,AL,2010,229,0,58%,8.1,160,626,103,200,29,109,3,57,0.319,0.381,0.534,0.914,NA,NA,NA,NA,NA,NA,NA,NA,NA,NA,NA,NA
4,José Bautista,TOR,AL,2010,165,1,42%,7,161,569,109,148,54,124,9,100,0.26,0.378,0.617,0.995,NA,NA,NA,NA,NA,NA,NA,NA,NA,NA,NA,NA
5,Paul Konerko,CHW,AL,2010,130,0,33%,4.7,149,548,89,171,39,111,0,72,0.312,0.393,0.584,0.977,NA,NA,NA,NA,NA,NA,NA,NA,NA,NA,NA,NA
6,Evan Longoria,TBR,AL,2010,100,0,26%,8.2,151,574,96,169,22,104,15,72,0.294,0.372,0.507,0.879,NA,NA,NA,NA,NA,NA,NA,NA,NA,NA,NA,NA
7,Carl Crawford,TBR,AL,2010,98,0,25%,7,154,600,110,184,19,90,47,46,0.307,0.356,0.495,0.851,NA,NA,NA,NA,NA,NA,NA,NA,NA,NA,NA,NA
8,Joe Mauer,MIN,AL,2010,97,0,25%,5.9,137,510,88,167,9,75,1,65,0.327,0.402,0.469,0.871,NA,NA,NA,NA,NA,NA,NA,NA,NA,NA,NA,NA
9,Adrian Beltré,BOS,AL,2010,83,0,21%,7.8,154,589,84,189,28,102,2,40,0.321,0.365,0.553,0.919,NA,NA,NA,NA,NA,NA,NA,NA,NA,NA,NA,NA
1,Justin Verlander,DET,AL,2011,280,13,71%,8.6,1,4,0,0,0,0,0,0,0,0,0,0,24,5,2.4,0.92,34,34,0,251,174,24,57,250
2,Jacoby Ellsbury,BOS,AL,2011,242,4,62%,8.3,158,660,119,212,32,105,39,52,0.321,0.376,0.552,0.928,NA,NA,NA,NA,NA,NA,NA,NA,NA,NA,NA,NA
3,José Bautista,TOR,AL,2011,231,5,59%,8.3,149,513,105,155,43,103,9,132,0.302,0.447,0.608,1.056,NA,NA,NA,NA,NA,NA,NA,NA,NA,NA,NA,NA
4,Curtis Granderson,NYY,AL,2011,215,3,55%,6.1,156,583,136,153,41,119,25,85,0.262,0.364,0.552,0.916,NA,NA,NA,NA,NA,NA,NA,NA,NA,NA,NA,NA
5,Miguel Cabrera,DET,AL,2011,193,2,49%,7.6,161,572,111,197,30,105,2,108,0.344,0.448,0.586,1.033,NA,NA,NA,NA,NA,NA,NA,NA,NA,NA,NA,NA
6,Robinson Canó,NYY,AL,2011,112,0,29%,5.8,159,623,104,188,28,118,8,38,0.302,0.349,0.533,0.882,NA,NA,NA,NA,NA,NA,NA,NA,NA,NA,NA,NA
7,Adrián González,BOS,AL,2011,105,0,27%,6.9,159,630,108,213,27,117,1,74,0.338,0.41,0.548,0.957,NA,NA,NA,NA,NA,NA,NA,NA,NA,NA,NA,NA
8,Michael Young,TEX,AL,2011,96,1,24%,2.7,159,631,88,213,11,106,6,47,0.338,0.38,0.474,0.854,NA,NA,NA,NA,NA,NA,NA,NA,NA,NA,NA,NA
9,Dustin Pedroia,BOS,AL,2011,48,0,12%,8,159,635,102,195,21,91,26,86,0.307,0.387,0.474,0.861,NA,NA,NA,NA,NA,NA,NA,NA,NA,NA,NA,NA
1,Miguel Cabrera,DET,AL,2012,362,22,92%,7.1,161,622,109,205,44,139,4,66,0.33,0.393,0.606,0.999,NA,NA,NA,NA,NA,NA,NA,NA,NA,NA,NA,NA
2,Mike Trout,LAA,AL,2012,281,6,72%,10.5,139,559,129,182,30,83,49,67,0.326,0.399,0.564,0.963,NA,NA,NA,NA,NA,NA,NA,NA,NA,NA,NA,NA
3,Adrian Beltré,TEX,AL,2012,210,0,54%,7.2,156,604,95,194,36,102,1,36,0.321,0.359,0.561,0.921,NA,NA,NA,NA,NA,NA,NA,NA,NA,NA,NA,NA
4,Robinson Canó,NYY,AL,2012,149,0,38%,8.4,161,627,105,196,33,94,3,61,0.313,0.379,0.55,0.929,NA,NA,NA,NA,NA,NA,NA,NA,NA,NA,NA,NA
5,Josh Hamilton,TEX,AL,2012,127,0,32%,4,148,562,103,160,43,128,7,60,0.285,0.354,0.577,0.93,NA,NA,NA,NA,NA,NA,NA,NA,NA,NA,NA,NA
6,Adam Jones,BAL,AL,2012,120,0,31%,4.1,162,648,103,186,32,82,16,34,0.287,0.334,0.505,0.839,NA,NA,NA,NA,NA,NA,NA,NA,NA,NA,NA,NA
7,Derek Jeter,NYY,AL,2012,77,0,20%,2.2,159,683,99,216,15,58,9,45,0.316,0.362,0.429,0.791,NA,NA,NA,NA,NA,NA,NA,NA,NA,NA,NA,NA
8,Justin Verlander,DET,AL,2012,58,0,15%,8,3,4,0,0,0,0,0,0,0,0,0,0,17,8,2.64,1.057,33,33,0,238.1,192,19,60,239
9,Prince Fielder,DET,AL,2012,56,0,14%,4.7,162,581,83,182,30,108,1,85,0.313,0.412,0.528,0.94,NA,NA,NA,NA,NA,NA,NA,NA,NA,NA,NA,NA
1,Miguel Cabrera,DET,AL,2013,385,23,92%,7.5,148,555,103,193,44,137,3,90,0.348,0.442,0.636,1.078,NA,NA,NA,NA,NA,NA,NA,NA,NA,NA,NA,NA
2,Mike Trout,LAA,AL,2013,282,5,67%,8.9,157,589,109,190,27,97,33,110,0.323,0.432,0.557,0.988,NA,NA,NA,NA,NA,NA,NA,NA,NA,NA,NA,NA
3,Chris Davis,BAL,AL,2013,232,1,55%,7.1,160,584,103,167,53,138,4,72,0.286,0.37,0.634,1.004,NA,NA,NA,NA,NA,NA,NA,NA,NA,NA,NA,NA
4,Josh Donaldson,OAK,AL,2013,222,1,53%,7.2,158,579,89,174,24,93,5,76,0.301,0.384,0.499,0.883,NA,NA,NA,NA,NA,NA,NA,NA,NA,NA,NA,NA
5,Robinson Canó,NYY,AL,2013,150,0,36%,6.6,160,605,81,190,27,107,7,65,0.314,0.383,0.516,0.899,NA,NA,NA,NA,NA,NA,NA,NA,NA,NA,NA,NA
6,Evan Longoria,TBR,AL,2013,103,0,25%,5.8,160,614,91,165,32,88,1,70,0.269,0.343,0.498,0.842,NA,NA,NA,NA,NA,NA,NA,NA,NA,NA,NA,NA
7,Adrian Beltré,TEX,AL,2013,99,0,24%,5.7,161,631,88,199,30,92,1,50,0.315,0.371,0.509,0.88,NA,NA,NA,NA,NA,NA,NA,NA,NA,NA,NA,NA
7,Dustin Pedroia,BOS,AL,2013,99,0,24%,6.1,160,641,91,193,9,84,17,73,0.301,0.372,0.415,0.787,NA,NA,NA,NA,NA,NA,NA,NA,NA,NA,NA,NA
9,Manny Machado,BAL,AL,2013,57,0,14%,5.9,156,667,88,189,14,71,6,29,0.283,0.314,0.432,0.746,NA,NA,NA,NA,NA,NA,NA,NA,NA,NA,NA,NA
1,Mike Trout,LAA,AL,2014,420,30,100%,7.7,157,602,115,173,36,111,16,83,0.287,0.377,0.561,0.939,NA,NA,NA,NA,NA,NA,NA,NA,NA,NA,NA,NA
2,Víctor Martínez,DET,AL,2014,229,0,55%,5.5,151,561,87,188,32,103,3,70,0.335,0.409,0.565,0.974,NA,NA,NA,NA,NA,NA,NA,NA,NA,NA,NA,NA
3,Michael Brantley,CLE,AL,2014,191,0,45%,7,156,611,94,200,20,97,23,52,0.327,0.385,0.506,0.89,NA,NA,NA,NA,NA,NA,NA,NA,NA,NA,NA,NA
4,José Abreu,CHW,AL,2014,145,0,35%,5.8,145,556,80,176,36,107,3,51,0.317,0.383,0.581,0.964,NA,NA,NA,NA,NA,NA,NA,NA,NA,NA,NA,NA
5,Robinson Canó,SEA,AL,2014,124,0,30%,6.3,157,595,77,187,14,82,10,61,0.314,0.382,0.454,0.836,NA,NA,NA,NA,NA,NA,NA,NA,NA,NA,NA,NA
6,José Bautista,TOR,AL,2014,122,0,29%,6.9,155,553,101,158,35,103,6,104,0.286,0.403,0.524,0.928,NA,NA,NA,NA,NA,NA,NA,NA,NA,NA,NA,NA
7,Nelson Cruz,BAL,AL,2014,102,0,24%,4.5,159,613,87,166,40,108,4,55,0.271,0.333,0.525,0.859,NA,NA,NA,NA,NA,NA,NA,NA,NA,NA,NA,NA
8,Josh Donaldson,OAK,AL,2014,96,0,23%,6.9,158,608,93,155,29,98,8,76,0.255,0.342,0.456,0.798,NA,NA,NA,NA,NA,NA,NA,NA,NA,NA,NA,NA
9,Miguel Cabrera,DET,AL,2014,82,0,20%,5.1,159,611,101,191,25,109,1,60,0.313,0.371,0.524,0.895,NA,NA,NA,NA,NA,NA,NA,NA,NA,NA,NA,NA
1,Josh Donaldson,TOR,AL,2015,385,23,92%,7.1,158,620,122,184,41,123,6,73,0.297,0.371,0.568,0.939,NA,NA,NA,NA,NA,NA,NA,NA,NA,NA,NA,NA
2,Mike Trout,LAA,AL,2015,304,7,72%,9.6,159,575,104,172,41,90,11,92,0.299,0.402,0.59,0.991,NA,NA,NA,NA,NA,NA,NA,NA,NA,NA,NA,NA
3,Lorenzo Cain,KCR,AL,2015,225,0,54%,7,140,551,101,169,16,72,28,37,0.307,0.361,0.477,0.838,NA,NA,NA,NA,NA,NA,NA,NA,NA,NA,NA,NA
4,Manny Machado,BAL,AL,2015,158,0,38%,7.5,162,633,102,181,35,86,20,70,0.286,0.359,0.502,0.861,NA,NA,NA,NA,NA,NA,NA,NA,NA,NA,NA,NA
5,Dallas Keuchel,HOU,AL,2015,107,0,25%,6.6,2,5,0,1,0,0,0,0,0.2,0.2,0.2,0.4,20,8,2.48,1.017,33,33,0,232,185,17,51,216
6,Nelson Cruz,SEA,AL,2015,94,0,22%,5.1,152,590,90,178,44,93,3,59,0.302,0.369,0.566,0.936,NA,NA,NA,NA,NA,NA,NA,NA,NA,NA,NA,NA
7,Adrian Beltré,TEX,AL,2015,83,0,20%,4.4,143,567,83,163,18,83,1,41,0.287,0.334,0.453,0.788,NA,NA,NA,NA,NA,NA,NA,NA,NA,NA,NA,NA
8,José Bautista,TOR,AL,2015,82,0,20%,4.8,153,543,108,136,40,114,8,110,0.25,0.377,0.536,0.913,NA,NA,NA,NA,NA,NA,NA,NA,NA,NA,NA,NA
9,David Price,TOT,AL,2015,62,0,15%,6.1,3,9,0,0,0,0,0,0,0,0,0,0,18,5,2.45,1.076,32,32,0,220.1,190,17,47,225
1,Mike Trout,LAA,AL,2016,356,19,85%,10.5,159,549,123,173,29,100,30,116,0.315,0.441,0.55,0.991,NA,NA,NA,NA,NA,NA,NA,NA,NA,NA,NA,NA
2,Mookie Betts,BOS,AL,2016,311,9,74%,9.5,158,672,122,214,31,113,26,49,0.318,0.363,0.534,0.897,NA,NA,NA,NA,NA,NA,NA,NA,NA,NA,NA,NA
3,Jose Altuve,HOU,AL,2016,227,0,54%,7.9,161,640,108,216,24,96,30,60,0.338,0.396,0.531,0.928,NA,NA,NA,NA,NA,NA,NA,NA,NA,NA,NA,NA
4,Josh Donaldson,TOR,AL,2016,200,0,48%,7.2,155,577,122,164,37,99,7,109,0.284,0.404,0.549,0.953,NA,NA,NA,NA,NA,NA,NA,NA,NA,NA,NA,NA
5,Manny Machado,BAL,AL,2016,150,0,36%,7.3,157,640,105,188,37,96,0,48,0.294,0.343,0.533,0.876,NA,NA,NA,NA,NA,NA,NA,NA,NA,NA,NA,NA
6,David Ortiz,BOS,AL,2016,147,1,35%,5.2,151,537,79,169,38,127,2,80,0.315,0.401,0.62,1.021,NA,NA,NA,NA,NA,NA,NA,NA,NA,NA,NA,NA
7,Adrian Beltré,TEX,AL,2016,135,1,32%,6.7,153,583,89,175,32,104,1,48,0.3,0.358,0.521,0.879,NA,NA,NA,NA,NA,NA,NA,NA,NA,NA,NA,NA
8,Robinson Canó,SEA,AL,2016,79,0,19%,7.3,161,655,107,195,39,103,0,47,0.298,0.35,0.533,0.882,NA,NA,NA,NA,NA,NA,NA,NA,NA,NA,NA,NA
9,Miguel Cabrera,DET,AL,2016,56,0,13%,5.1,158,595,92,188,38,108,0,75,0.316,0.393,0.563,0.956,NA,NA,NA,NA,NA,NA,NA,NA,NA,NA,NA,NA
1,Jose Altuve,HOU,AL,2017,405,27,96%,7.7,153,590,112,204,24,81,32,58,0.346,0.41,0.547,0.957,NA,NA,NA,NA,NA,NA,NA,NA,NA,NA,NA,NA
2,Aaron Judge,NYY,AL,2017,279,2,66%,8,155,542,128,154,52,114,9,127,0.284,0.422,0.627,1.049,NA,NA,NA,NA,NA,NA,NA,NA,NA,NA,NA,NA
3,José Ramírez,CLE,AL,2017,237,1,56%,7,152,585,107,186,29,83,17,52,0.318,0.374,0.583,0.957,NA,NA,NA,NA,NA,NA,NA,NA,NA,NA,NA,NA
4,Mike Trout,LAA,AL,2017,197,0,47%,6.9,114,402,92,123,33,72,22,94,0.306,0.442,0.629,1.071,NA,NA,NA,NA,NA,NA,NA,NA,NA,NA,NA,NA
5,Francisco Lindor,CLE,AL,2017,143,0,34%,5.7,159,651,99,178,33,89,15,60,0.273,0.337,0.505,0.842,NA,NA,NA,NA,NA,NA,NA,NA,NA,NA,NA,NA
6,Mookie Betts,BOS,AL,2017,110,0,26%,6.4,153,628,101,166,24,102,26,77,0.264,0.344,0.459,0.803,NA,NA,NA,NA,NA,NA,NA,NA,NA,NA,NA,NA
7,Corey Kluber,CLE,AL,2017,101,0,24%,7.9,1,2,0,1,0,0,0,0,0.5,0.5,0.5,1,18,4,2.25,0.869,29,29,0,203.2,141,21,36,265
8,Andrelton Simmons,LAA,AL,2017,60,0,14%,7.9,158,589,77,164,14,69,19,47,0.278,0.331,0.421,0.752,NA,NA,NA,NA,NA,NA,NA,NA,NA,NA,NA,NA
9,Chris Sale,BOS,AL,2017,56,0,13%,6,1,3,0,1,0,0,0,0,0.333,0.333,0.667,1,17,8,2.9,0.97,32,32,0,214.1,165,24,43,308
1,Mookie Betts,BOS,AL,2018,410,28,98%,10.7,136,520,129,180,32,80,30,81,0.346,0.438,0.64,1.078,NA,NA,NA,NA,NA,NA,NA,NA,NA,NA,NA,NA
2,Mike Trout,LAA,AL,2018,265,1,63%,9.9,140,471,101,147,39,79,24,122,0.312,0.46,0.628,1.088,NA,NA,NA,NA,NA,NA,NA,NA,NA,NA,NA,NA
3,José Ramírez,CLE,AL,2018,208,0,50%,7.5,157,578,110,156,39,105,34,106,0.27,0.387,0.552,0.939,NA,NA,NA,NA,NA,NA,NA,NA,NA,NA,NA,NA
4,J.D. Martinez,BOS,AL,2018,198,1,47%,6.7,150,569,111,188,43,130,6,69,0.33,0.402,0.629,1.031,NA,NA,NA,NA,NA,NA,NA,NA,NA,NA,NA,NA
5,Alex Bregman,HOU,AL,2018,192,0,46%,7.9,157,594,105,170,31,103,10,96,0.286,0.394,0.532,0.926,NA,NA,NA,NA,NA,NA,NA,NA,NA,NA,NA,NA
6,Francisco Lindor,CLE,AL,2018,169,0,40%,7.2,158,661,129,183,38,92,25,70,0.277,0.352,0.519,0.871,NA,NA,NA,NA,NA,NA,NA,NA,NA,NA,NA,NA
7,Matt Chapman,OAK,AL,2018,141,0,34%,7.6,145,547,100,152,24,68,1,58,0.278,0.356,0.508,0.864,NA,NA,NA,NA,NA,NA,NA,NA,NA,NA,NA,NA
8,Khris Davis,OAK,AL,2018,41,0,10%,2.9,151,576,98,142,48,123,0,59,0.247,0.326,0.549,0.874,NA,NA,NA,NA,NA,NA,NA,NA,NA,NA,NA,NA
9,Blake Snell,TBR,AL,2018,38,0,9%,7.2,1,1,0,0,0,0,0,1,0,0.667,0,0.667,21,5,1.89,0.974,31,31,0,180.2,112,16,64,221
1,Mike Trout,LAA,AL,2019,355,17,85%,7.9,134,470,110,137,45,104,11,110,0.291,0.438,0.645,1.083,NA,NA,NA,NA,NA,NA,NA,NA,NA,NA,NA,NA
2,Alex Bregman,HOU,AL,2019,335,13,80%,8.9,156,554,122,164,41,112,5,119,0.296,0.423,0.592,1.015,NA,NA,NA,NA,NA,NA,NA,NA,NA,NA,NA,NA
3,Marcus Semien,OAK,AL,2019,228,0,54%,8.5,162,657,123,187,33,92,10,87,0.285,0.369,0.522,0.892,NA,NA,NA,NA,NA,NA,NA,NA,NA,NA,NA,NA
4,DJ LeMahieu,NYY,AL,2019,178,0,42%,5.6,145,602,109,197,26,102,5,46,0.327,0.375,0.518,0.893,NA,NA,NA,NA,NA,NA,NA,NA,NA,NA,NA,NA
5,Xander Bogaerts,BOS,AL,2019,147,0,35%,6.3,155,614,110,190,33,117,4,76,0.309,0.384,0.555,0.939,NA,NA,NA,NA,NA,NA,NA,NA,NA,NA,NA,NA
6,Matt Chapman,OAK,AL,2019,89,0,21%,7.8,156,583,102,145,36,91,1,73,0.249,0.342,0.506,0.848,NA,NA,NA,NA,NA,NA,NA,NA,NA,NA,NA,NA
7,George Springer,HOU,AL,2019,69,0,16%,6.4,122,479,96,140,39,96,6,67,0.292,0.383,0.591,0.974,NA,NA,NA,NA,NA,NA,NA,NA,NA,NA,NA,NA
8,Mookie Betts,BOS,AL,2019,67,0,16%,7.3,150,597,135,176,29,80,16,97,0.295,0.391,0.524,0.915,NA,NA,NA,NA,NA,NA,NA,NA,NA,NA,NA,NA
9,Nelson Cruz,MIN,AL,2019,62,0,15%,4.4,120,454,81,141,41,108,0,56,0.311,0.392,0.639,1.031,NA,NA,NA,NA,NA,NA,NA,NA,NA,NA,NA,NA
1,José Abreu,CHW,AL,2020,374,21,89%,3,60,240,43,76,19,60,0,18,0.317,0.37,0.617,0.987,NA,NA,NA,NA,NA,NA,NA,NA,NA,NA,NA,NA
2,José Ramírez,CLE,AL,2020,303,8,72%,2.5,58,219,45,64,17,46,10,31,0.292,0.386,0.607,0.993,NA,NA,NA,NA,NA,NA,NA,NA,NA,NA,NA,NA
3,DJ LeMahieu,NYY,AL,2020,230,1,55%,3,50,195,41,71,10,27,3,18,0.364,0.421,0.59,1.011,NA,NA,NA,NA,NA,NA,NA,NA,NA,NA,NA,NA
4,Shane Bieber,CLE,AL,2020,173,0,41%,3.2,0,0,0,0,0,0,0,0,NA,NA,NA,NA,8,1,1.63,0.866,12,12,0,77.1,46,7,21,122
5,Mike Trout,LAA,AL,2020,172,0,41%,1.8,53,199,41,56,17,46,1,35,0.281,0.39,0.603,0.993,NA,NA,NA,NA,NA,NA,NA,NA,NA,NA,NA,NA
6,Nelson Cruz,MIN,AL,2020,128,0,30%,1.9,53,185,33,56,16,33,0,25,0.303,0.397,0.595,0.992,NA,NA,NA,NA,NA,NA,NA,NA,NA,NA,NA,NA
7,Tim Anderson,CHW,AL,2020,125,0,30%,2.3,49,208,45,67,10,21,5,10,0.322,0.357,0.529,0.886,NA,NA,NA,NA,NA,NA,NA,NA,NA,NA,NA,NA
8,Brandon Lowe,TBR,AL,2020,104,0,25%,2.4,56,193,36,52,14,37,3,25,0.269,0.362,0.554,0.916,NA,NA,NA,NA,NA,NA,NA,NA,NA,NA,NA,NA
9,Luke Voit,NYY,AL,2020,85,0,20%,1.7,56,213,41,59,22,52,0,17,0.277,0.338,0.61,0.948,NA,NA,NA,NA,NA,NA,NA,NA,NA,NA,NA,NA
1,Shohei Ohtani,LAA,AL,2021,420,30,100%,8.9,155,537,103,138,46,100,26,96,0.257,0.372,0.592,0.965,9,2,3.18,1.09,23,23,0,130.1,98,15,44,156
2,Vladimir Guerrero Jr.,TOR,AL,2021,269,0,64%,6.7,161,604,123,188,48,111,4,86,0.311,0.401,0.601,1.002,NA,NA,NA,NA,NA,NA,NA,NA,NA,NA,NA,NA
3,Marcus Semien,TOR,AL,2021,232,0,55%,7.1,162,652,115,173,45,102,15,66,0.265,0.334,0.538,0.873,NA,NA,NA,NA,NA,NA,NA,NA,NA,NA,NA,NA
4,Aaron Judge,NYY,AL,2021,171,0,41%,6.1,148,550,89,158,39,98,6,75,0.287,0.373,0.544,0.916,NA,NA,NA,NA,NA,NA,NA,NA,NA,NA,NA,NA
5,Carlos Correa,HOU,AL,2021,163,0,39%,7.2,148,555,104,155,26,92,0,75,0.279,0.366,0.485,0.85,NA,NA,NA,NA,NA,NA,NA,NA,NA,NA,NA,NA
6,José Ramírez,CLE,AL,2021,133,0,32%,6.8,152,552,111,147,36,103,27,72,0.266,0.355,0.538,0.893,NA,NA,NA,NA,NA,NA,NA,NA,NA,NA,NA,NA
7,Salvador Perez,KCR,AL,2021,103,0,25%,5.5,161,620,88,169,48,121,1,28,0.273,0.316,0.544,0.859,NA,NA,NA,NA,NA,NA,NA,NA,NA,NA,NA,NA
8,Matt Olson,OAK,AL,2021,90,0,21%,5.8,156,565,101,153,39,111,4,88,0.271,0.371,0.54,0.911,NA,NA,NA,NA,NA,NA,NA,NA,NA,NA,NA,NA
9,Cedric Mullins,BAL,AL,2021,87,0,21%,5.9,159,602,91,175,30,59,30,59,0.291,0.36,0.518,0.878,NA,NA,NA,NA,NA,NA,NA,NA,NA,NA,NA,NA
1,Aaron Judge,NYY,AL,2022,410,28,98%,10.5,157,570,133,177,62,131,16,111,0.311,0.425,0.686,1.111,NA,NA,NA,NA,NA,NA,NA,NA,NA,NA,NA,NA
2,Shohei Ohtani,LAA,AL,2022,280,2,67%,9.6,157,586,90,160,34,95,11,72,0.273,0.356,0.519,0.875,15,9,2.33,1.012,28,28,0,166,124,14,44,219
3,Yordan Alvarez,HOU,AL,2022,232,0,55%,6.8,135,470,95,144,37,97,1,78,0.306,0.406,0.613,1.019,NA,NA,NA,NA,NA,NA,NA,NA,NA,NA,NA,NA
4,José Ramírez,CLE,AL,2022,186,0,44%,6,157,601,90,168,29,126,20,69,0.28,0.355,0.514,0.869,NA,NA,NA,NA,NA,NA,NA,NA,NA,NA,NA,NA
5,Jose Altuve,HOU,AL,2022,142,0,34%,5.2,141,527,103,158,28,57,18,66,0.3,0.387,0.533,0.921,NA,NA,NA,NA,NA,NA,NA,NA,NA,NA,NA,NA
6,Andrés Giménez,CLE,AL,2022,141,0,34%,7.4,146,491,66,146,17,69,20,34,0.297,0.371,0.466,0.837,NA,NA,NA,NA,NA,NA,NA,NA,NA,NA,NA,NA
7,Julio Rodríguez,SEA,AL,2022,108,0,26%,6.2,132,511,84,145,28,75,25,40,0.284,0.345,0.509,0.853,NA,NA,NA,NA,NA,NA,NA,NA,NA,NA,NA,NA
8,Mike Trout,LAA,AL,2022,90,0,21%,6.2,119,438,85,124,40,80,1,54,0.283,0.369,0.63,0.999,NA,NA,NA,NA,NA,NA,NA,NA,NA,NA,NA,NA
9,Xander Bogaerts,BOS,AL,2022,50,0,12%,5.9,150,557,84,171,15,73,8,57,0.307,0.377,0.456,0.833,NA,NA,NA,NA,NA,NA,NA,NA,NA,NA,NA,NA
